sloupec,vyplnenost,delka_pred,delka_po,lze_explodovat,pomer,trojcisli
003,1.0,1238228,1238228,True,1.0,003
005,1.0,1233079,1233080,False,0.9999991890226101,005
006,1.0,10673,10703,False,0.9971970475567598,006
007,1.0,907015,907383,False,0.9995944380708036,007
008,1.0,1238228,1238228,True,1.0,008
010_a,1.0,8,8,True,1.0,010
015_a,1.0,1238228,1238228,True,1.0,015
015_z,0.03275648749664844,1238228,1270266,False,0.9747785109575475,015
020_q,0.9831582817003031,729023,846666,False,0.8610514653948547,020
020_c,0.2446205400926994,729023,735127,False,0.9916966728197985,020
020_a,0.6551754882904929,729023,755021,False,0.9655665206663125,020
020_z,0.03383020837477007,729023,733440,False,0.9939776941535776,020
022_a,0.9590623114711713,11603,11608,False,0.9995692625775328,022
022_y,0.11341894337671292,11603,11702,False,0.9915399077080841,022
022_z,0.007411876238903731,11603,11610,False,0.9993970714900947,022
022_ind1,0.0031888304748771868,11603,11603,True,1.0,022
022_l,0.00034473842971645267,11603,11603,True,1.0,022
024_ind1,0.9998033238273183,20338,20866,False,0.9746956771781846,024
024_q,0.43494935588553446,20338,22274,False,0.9130825177336805,024
024_a,0.7992427967351755,20338,20865,False,0.9747423915648215,024
024_z,0.018635067361589142,20338,20385,False,0.9976943831248467,024
024_ind2,0.0011308879929196579,20338,20338,True,1.0,024
024_c,0.007572032648244665,20338,20346,False,0.9996068023198663,024
024_2,0.00039335234536335925,20338,20367,False,0.9985761280502774,024
028_ind1,0.9999827001591586,57804,68254,False,0.8468954200486418,028
028_ind2,0.999965400318317,57804,68254,False,0.8468954200486418,028
028_a,0.9999827001591586,57804,68260,False,0.8468209786111925,028
028_b,0.8262922981108574,57804,67805,False,0.852503502691542,028
028_q,0.0181994325652204,57804,59838,False,0.9660082221999399,028
028_f,1.7299840841464257e-05,57804,57804,True,1.0,028
030_a,1.0,1,1,True,1.0,030
034_ind1,1.0,18072,18775,False,0.9625565912117177,034
034_a,0.9999446657813191,18072,18775,False,0.9625565912117177,034
034_b,0.8127490039840638,18072,19188,False,0.9418386491557224,034
034_d,0.31169765382912795,18072,18355,False,0.984581857804413,034
034_e,0.3118083222664896,18072,18356,False,0.9845282196556984,034
034_f,0.3118083222664896,18072,18356,False,0.9845282196556984,034
034_g,0.31175298804780877,18072,18356,False,0.9845282196556984,034
034_c,0.00011066843736166445,18072,18073,False,0.9999446688430255,034
035_a,1.0,873538,898110,False,0.9726403224549331,035
040_a,0.9999975771828775,1238228,1238229,False,0.9999991923949447,040
040_b,0.9999959619714625,1238228,1238229,False,0.9999991923949447,040
040_d,0.5326934942514626,1238228,1280747,False,0.9668014057421177,040
040_c,0.31235523667692866,1238228,1238228,True,1.0,040
040_e,0.2166111572343704,1238228,1238229,False,0.9999991923949447,040
040_9,0.00010983437622150364,1238228,1238228,True,1.0,040
041_ind1,0.9999079499668619,380228,380228,True,1.0,041
041_a,0.9599135255688692,380228,508753,False,0.7473724970663563,041
041_h,0.6741139526810229,380228,387854,False,0.9803379622228983,041
041_b,0.11405262105894358,380228,402528,False,0.9446001271961205,041
041_k,0.002861441030118771,380228,380276,False,0.9998737758890911,041
041_g,0.030523790988564756,380228,394277,False,0.9643676907351938,041
041_f,0.00010520003787201364,380228,380235,False,0.9999815903322945,041
041_d,0.02175010783003882,380228,385276,False,0.986897704502746,041
041_e,0.005857012108524359,380228,381593,False,0.9964228903570034,041
041_j,1.0520003787201363e-05,380228,380234,False,0.9999842202433239,041
041_n,2.893001041480375e-05,380228,380228,True,1.0,041
041_ind2,5.2600018936006815e-06,380228,380228,True,1.0,041
041_c,2.6300009468003407e-06,380228,380228,True,1.0,041
041_m,2.6300009468003407e-06,380228,380228,True,1.0,041
043_a,1.0,331955,374278,False,0.8869209518058769,043
043_b,0.40778720007229896,331955,336348,False,0.9869391225754278,043
043_2,0.40778418761579127,331955,331955,True,1.0,043
044_a,1.0,8119,18720,False,0.43370726495726497,044
045_a,1.0,239066,244878,False,0.976265732323851,045
047_a,1.0,5213,13057,False,0.39924944474228385,047
048_a,0.9640415865089436,48862,69185,False,0.7062513550625136,048
048_b,0.25946543326102084,48862,54488,False,0.896747907796212,048
048_ind2,4.0931603290900904e-05,48862,48862,True,1.0,048
072_ind2,1.0,770672,929015,False,0.8295581879732835,072
072_a,1.0,770672,929015,False,0.8295581879732835,072
072_x,1.0,770672,929015,False,0.8295581879732835,072
072_2,1.0,770672,929015,False,0.8295581879732835,072
072_9,1.0,770672,929015,False,0.8295581879732835,072
080_a,1.0,1017378,3334647,False,0.3050931627845466,080
080_2,1.0,1017378,3334647,False,0.3050931627845466,080
080_x,4.914594182299991e-06,1017378,1017378,True,1.0,080
080_9,9.82918836459998e-07,1017378,1017380,False,0.9999980341661916,080
080_ind1,9.82918836459998e-07,1017378,1017381,False,0.9999970512521857,080
086_a,1.0,3,3,True,1.0,086
086_2,0.3333333333333333,3,3,True,1.0,086
100_ind1,1.0,897263,897263,True,1.0,100
100_a,0.9999988854995693,897263,897263,True,1.0,100
100_7,0.9235987664709232,897263,897263,True,1.0,100
100_4,0.9997626114082493,897263,943149,False,0.9513480902805389,100
100_d,0.7606409714877355,897263,897263,True,1.0,100
100_q,0.005331770060729129,897263,897263,True,1.0,100
100_c,0.004246246641174327,897263,897270,False,0.9999921985578477,100
100_b,0.00039564765291781785,897263,897263,True,1.0,100
100_e,1.1145004307544164e-06,897263,897263,True,1.0,100
110_ind1,1.0,28640,28640,True,1.0,110
110_a,1.0,28640,28640,True,1.0,110
110_b,0.12136871508379889,28640,29096,False,0.9843277426450371,110
110_d,0.03467178770949721,28640,28640,True,1.0,110
110_c,0.031110335195530726,28640,28643,False,0.9998952623677687,110
110_4,0.40628491620111734,28640,30660,False,0.9341161121983039,110
110_7,0.9244064245810056,28640,28640,True,1.0,110
110_n,0.01826117318435754,28640,28640,True,1.0,110
111_ind1,1.0,26995,26995,True,1.0,111
111_a,1.0,26995,26995,True,1.0,111
111_d,0.8574921281718837,26995,26995,True,1.0,111
111_c,0.8644563808112613,26995,27296,False,0.9889727432590856,111
111_7,0.7741063159844416,26995,26995,True,1.0,111
111_n,0.28390442674569366,26995,26995,True,1.0,111
111_4,0.17017966290053713,26995,26997,False,0.9999259176945586,111
111_e,0.0021485460270420447,26995,26996,False,0.9999629574751815,111
130_ind1,1.0,4587,4587,True,1.0,130
130_a,1.0,4587,4587,True,1.0,130
130_p,0.09112709832134293,4587,4616,False,0.9937175043327556,130
130_l,0.8593852190974494,4587,4587,True,1.0,130
130_7,0.23217789404839764,4587,4587,True,1.0,130
130_s,0.02158273381294964,4587,4587,True,1.0,130
130_d,0.005232177894048398,4587,4589,False,0.9995641752015689,130
130_k,0.005886200130804447,4587,4587,True,1.0,130
130_n,0.0010900370612600828,4587,4587,True,1.0,130
130_o,0.0017440592980161324,4587,4587,True,1.0,130
130_g,0.00021800741225201656,4587,4587,True,1.0,130
210_ind1,1.0,9050,9053,False,0.999668618137634,210
210_a,1.0,9050,9053,False,0.999668618137634,210
210_b,0.41756906077348066,9050,9053,False,0.999668618137634,210
210_ind2,0.00011049723756906077,9050,9050,True,1.0,210
222_ind2,0.999808282208589,10432,10441,False,0.9991380136002299,222
222_a,1.0,10432,10441,False,0.9991380136002299,222
222_b,0.43318634969325154,10432,10433,False,0.9999041502923416,222
240_ind1,1.0,74022,74022,True,1.0,240
240_ind2,0.9999864905028235,74022,74022,True,1.0,240
240_a,0.999972981005647,74022,74022,True,1.0,240
240_l,0.7461025100645754,74022,74022,True,1.0,240
240_7,0.3246872551403637,74022,74022,True,1.0,240
240_n,0.04685093620815433,74022,74357,False,0.9954947079629356,240
240_m,0.048323471400394474,74022,74024,False,0.9999729817356533,240
240_o,0.023574072573018832,74022,74022,True,1.0,240
240_r,0.022061008889249143,74022,74022,True,1.0,240
240_k,0.01687336197346735,74022,74022,True,1.0,240
240_f,0.00022966145200075652,74022,74022,True,1.0,240
240_g,0.00014860446894166598,74022,74022,True,1.0,240
240_p,0.0328550971332847,74022,74024,False,0.9999729817356533,240
240_h,1.350949717651509e-05,74022,74022,True,1.0,240
240_s,0.0009456648023560563,74022,74022,True,1.0,240
240_t,2.701899435303018e-05,74022,74022,True,1.0,240
240_d,5.403798870606036e-05,74022,74022,True,1.0,240
242_ind1,1.0,216,219,False,0.9863013698630136,242
242_ind2,1.0,216,219,False,0.9863013698630136,242
242_a,1.0,216,219,False,0.9863013698630136,242
242_y,0.44907407407407407,216,216,True,1.0,242
242_b,0.09722222222222222,216,216,True,1.0,242
242_c,0.004629629629629629,216,217,False,0.9953917050691244,242
245_ind1,0.9999911163372174,1238228,1238228,True,1.0,245
245_ind2,0.9999911163372174,1238228,1238228,True,1.0,245
245_a,1.0,1238228,1238228,True,1.0,245
245_b,0.4835878368119603,1238228,1238228,True,1.0,245
245_c,0.8255232477378964,1238228,1238228,True,1.0,245
245_n,0.06170269126525971,1238228,1243831,False,0.9954953687438245,245
245_p,0.04709875725633728,1238228,1242029,False,0.9969396849832008,245
245_h,0.1210875541499627,1238228,1238228,True,1.0,245
245_f,1.453690273519901e-05,1238228,1238228,True,1.0,245
245_s,4.038028537555281e-06,1238228,1238228,True,1.0,245
245_v,8.076057075110561e-07,1238228,1238228,True,1.0,245
246_ind1,0.999995872237495,242262,330886,False,0.7321615299529143,246
246_ind2,0.8124344717702322,242262,291105,False,0.8322151800896583,246
246_a,0.9999917444749898,242262,330886,False,0.7321615299529143,246
246_i,0.07257432036390354,242262,258501,False,0.9371801269627583,246
246_b,0.01901247409829028,242262,247272,False,0.979738910996797,246
246_n,0.0042185732801677525,242262,243720,False,0.9940177252584933,246
246_p,0.004515772180531821,242262,244192,False,0.9920963831738959,246
246_g,6.604420008090415e-05,242262,242278,False,0.9999339601614674,246
246_f,0.003735625067076141,242262,245340,False,0.9874541452677916,246
246_h,1.2383287515169528e-05,242262,242262,True,1.0,246
246_y,4.127762505056509e-06,242262,242262,True,1.0,246
246_k,4.127762505056509e-06,242262,242262,True,1.0,246
247_ind1,1.0,455,650,False,0.7,247
247_ind2,1.0,455,650,False,0.7,247
247_a,1.0,455,650,False,0.7,247
247_p,0.015384615384615385,455,464,False,0.9806034482758621,247
247_x,0.017582417582417582,455,461,False,0.9869848156182213,247
247_f,0.5406593406593406,455,614,False,0.741042345276873,247
247_b,0.23076923076923078,455,550,False,0.8272727272727273,247
247_n,0.002197802197802198,455,455,True,1.0,247
247_h,0.004395604395604396,455,456,False,0.9978070175438597,247
250_a,0.9999982539857141,572733,572928,False,0.9996596430965148,250
250_b,0.0006757075286389993,572733,572748,False,0.999973810471621,250
250_1,1.746014285888887e-06,572733,572733,True,1.0,250
254_a,1.0,4698,4709,False,0.9976640475684859,254
255_a,1.0,18319,19024,False,0.9629415475189235,255
255_c,0.29908837818658224,18319,18601,False,0.9848395247567335,255
255_b,0.01080845024291719,18319,18322,False,0.9998362624167667,255
255_d,0.00027294066269992906,18319,18319,True,1.0,255
255_e,5.458813253998581e-05,18319,18319,True,1.0,255
255_f,5.458813253998581e-05,18319,18319,True,1.0,255
255_g,5.458813253998581e-05,18319,18319,True,1.0,255
256_a,1.0,428,428,True,1.0,256
256_ind1,0.002336448598130841,428,428,True,1.0,256
260_a,0.9999639177117644,970005,993660,False,0.9761940704063764,260
260_b,0.9999381446487389,970005,1007146,False,0.9631225264261587,260
260_c,0.9990000051546126,970005,973772,False,0.9961315379780893,260
260_e,0.11152416740119896,970005,970155,False,0.999845385531178,260
260_f,0.2921448858511039,970005,970414,False,0.999578530400427,260
260_g,0.00019896804655646105,970005,970005,True,1.0,260
260_3,0.0026391616538059084,970005,973761,False,0.9961427906847778,260
260_ind1,0.0026391616538059084,970005,971201,False,0.9987685350406352,260
260_[,1.030922521017933e-06,970005,970005,True,1.0,260
264_ind2,1.0,268214,313762,False,0.8548326438510718,264
264_a,0.9999813581692231,268214,320804,False,0.8360681288263239,264
264_b,0.9999962716338446,268214,320532,False,0.8367776072279834,264
264_c,0.9999813581692231,268214,314007,False,0.8541656714659227,264
264_3,0.01281066610989732,268214,273894,False,0.979262050282226,264
264_ind1,0.012814394476052704,268214,270333,False,0.9921615193113679,264
300_a,0.9944779181654092,1232144,1232303,False,0.9998709732914713,300
300_b,0.49791095845940087,1232144,1232197,False,0.9999569873973074,300
300_c,0.9609875144463634,1232144,1232515,False,0.9996989894646313,300
300_e,0.028691451648508615,1232144,1232148,False,0.9999967536367385,300
300_f,7.304341051045982e-06,1232144,1232144,True,1.0,300
300_3,8.115934501162202e-07,1232144,1232144,True,1.0,300
306_a,1.0,19511,24083,False,0.8101565419590583,306
310_a,1.0,48004,48004,True,1.0,310
310_b,0.05457878510124156,48004,48004,True,1.0,310
321_a,1.0,4020,4855,False,0.8280123583934088,321
321_b,0.4532338308457711,4020,4709,False,0.8536844340624337,321
336_a,1.0,268214,311368,False,0.8614051540299581,336
336_b,1.0,268214,311368,False,0.8614051540299581,336
336_2,1.0,268214,311368,False,0.8614051540299581,336
337_a,1.0,268212,269829,False,0.9940073157444159,337
337_b,1.0,268212,269829,False,0.9940073157444159,337
337_2,1.0,268212,269829,False,0.9940073157444159,337
338_a,1.0,268214,271475,False,0.9879878441845473,338
338_b,1.0,268214,271475,False,0.9879878441845473,338
338_2,1.0,268214,271475,False,0.9879878441845473,338
340_d,0.023054755043227664,694,694,True,1.0,340
340_a,0.9769452449567724,694,694,True,1.0,340
340_2,0.9769452449567724,694,694,True,1.0,340
340_3,0.002881844380403458,694,694,True,1.0,340
344_a,1.0,8082,8099,False,0.9979009754290653,344
344_b,0.8892600841375897,8082,8098,False,0.9980242035070388,344
344_2,1.0,8082,8098,False,0.9980242035070388,344
344_g,0.1585003711952487,8082,8131,False,0.9939736809740499,344
344_h,0.000989853996535511,8082,8084,False,0.999752597723899,344
344_c,0.08364266270725068,8082,8096,False,0.9982707509881423,344
344_3,0.0008661222469685721,8082,8090,False,0.9990111248454883,344
346_b,1.0,2,3,False,0.6666666666666666,346
346_2,1.0,2,2,True,1.0,346
346_3,0.5,2,2,True,1.0,346
347_a,0.9997860733768318,9349,9972,False,0.9375250701965503,347
347_b,0.9997860733768318,9349,10413,False,0.8978200326514933,347
347_2,0.999144293507327,9349,9971,False,0.9376190953765922,347
347_e,0.0003208899347523799,9349,9352,False,0.9996792130025663,347
347_3,0.0002139266231682533,9349,9350,False,0.9998930481283422,347
362_ind1,0.9999714130528001,34981,35007,False,0.9992572913988631,362
362_a,1.0,34981,35007,False,0.9992572913988631,362
380_a,1.0,10,14,False,0.7142857142857143,380
382_ind1,0.9966167533362571,47883,54260,False,0.8824732768153336,382
382_ind2,1.0,47883,54332,False,0.8813038356769491,382
382_a,0.9998538103293444,47883,75860,False,0.6312022146058529,382
382_n,0.7878787878787878,47883,73912,False,0.6478379694772162,382
382_s,0.6921663220767287,47883,52834,False,0.9062914032630504,382
382_v,0.11452916483929579,47883,49682,False,0.9637897025079506,382
382_b,0.05104107929745421,47883,50026,False,0.9571622756166793,382
382_e,0.0018169287638619134,47883,47955,False,0.9984985924304035,382
382_p,0.00313263579976192,47883,48005,False,0.9974585980627018,382
382_d,0.0001253054319904768,47883,47897,False,0.9997077061193812,382
382_t,0.00016707390932063572,47883,47884,False,0.9999791161974773,382
382_r,8.353695466031786e-05,47883,47888,False,0.9998955897093218,382
383_b,0.8181818181818182,11,11,True,1.0,383
383_c,0.18181818181818182,11,11,True,1.0,383
384_a,1.0,2,2,True,1.0,384
490_ind1,1.0,434426,455728,False,0.9532572060527332,490
490_a,1.0,434426,460146,False,0.9441046972048002,490
490_v,0.6015777140410564,434426,449009,False,0.9675218091396832,490
490_x,0.02518035292546947,434426,434718,False,0.9993283001854075,490
490_n,1.381132805126765e-05,434426,434426,True,1.0,490
490_3,0.00017494348864939023,434426,434465,False,0.9999102344262484,490
490_p,2.3018880085446084e-06,434426,434426,True,1.0,490
500_a,0.99998345361284,785670,1432192,False,0.5485786821878631,500
500_5,0.002047933610803518,785670,787641,False,0.9974975909075328,500
500_3,3.818397036923899e-06,785670,785676,False,0.9999923632642463,500
500_4,1.2727990123079665e-06,785670,785670,True,1.0,500
500_ind1,3.818397036923899e-06,785670,785670,True,1.0,500
500_ind2,1.5273588147695596e-05,785670,785670,True,1.0,500
500_0,1.2727990123079664e-05,785670,785670,True,1.0,500
500_e,1.2727990123079665e-06,785670,785671,False,0.9999987272026077,500
500_x,1.2727990123079665e-06,785670,785670,True,1.0,500
500_t,1.2727990123079665e-06,785670,785670,True,1.0,500
500_b,1.2727990123079665e-06,785670,785670,True,1.0,500
501_a,1.0,3124,3180,False,0.9823899371069182,501
501_5,0.9827144686299616,3124,3139,False,0.995221408091749,501
502_a,1.0,1616,1670,False,0.9676646706586827,502
504_a,1.0,246626,250204,False,0.9856996690700388,504
505_ind1,0.9999835898782369,60938,61608,False,0.989124788988443,505
505_ind2,0.5958843414618137,60938,61311,False,0.9939162629870659,505
505_t,0.5960156224359184,60938,427493,False,0.14254736334863963,505
505_a,0.40634743509796845,60938,61267,False,0.9946300618603816,505
505_r,0.08045882700449637,60938,82177,False,0.7415456879662192,505
505_g,0.08782697167612984,60938,75740,False,0.804568259836282,505
505_c,1.6410121763103483e-05,60938,60938,True,1.0,505
506_a,1.0,9,9,True,1.0,506
507_a,1.0,2,2,True,1.0,507
508_a,1.0,6300,6304,False,0.9993654822335025,508
510_a,1.0,8,9,False,0.8888888888888888,510
510_ind1,0.875,8,9,False,0.8888888888888888,510
510_c,0.375,8,8,True,1.0,510
511_ind1,1.0,26720,31070,False,0.8599935629224332,511
511_a,1.0,26720,31070,False,0.8599935629224332,511
515_a,1.0,480,485,False,0.9896907216494846,515
516_a,1.0,485,485,True,1.0,516
518_a,0.7988581730769231,16640,16656,False,0.9990393852065321,518
518_o,0.2014423076923077,16640,16895,False,0.9849067771530039,518
518_d,0.19957932692307692,16640,16901,False,0.984557126797231,518
518_p,0.18942307692307692,16640,16894,False,0.9849650763584704,518
518_3,0.012680288461538462,16640,16880,False,0.985781990521327,518
520_a,1.0,157987,158165,False,0.9988745929883349,520
520_ind1,0.43374454860210016,157987,157997,False,0.9999367076590062,520
520_b,0.10811649059732763,157987,157988,False,0.9999936704053473,520
520_c,6.329634716780495e-06,157987,157987,True,1.0,520
520_u,6.329634716780495e-06,157987,157987,True,1.0,520
521_ind1,0.8643398881224476,58278,58306,False,0.9995197749802764,521
521_a,1.0,58278,58340,False,0.99893726431265,521
521_b,8.579566903462714e-05,58278,58286,False,0.9998627457708541,521
522_a,1.0,1,1,True,1.0,522
525_a,1.0,13,13,True,1.0,525
530_a,1.0,6955,6956,False,0.9998562392179413,530
530_d,0.00805176132278936,6955,6955,True,1.0,530
533_a,1.0,8,8,True,1.0,533
533_b,0.125,8,8,True,1.0,533
533_c,0.125,8,8,True,1.0,533
534_p,1.0,16,16,True,1.0,534
534_a,0.125,16,16,True,1.0,534
534_t,0.4375,16,16,True,1.0,534
534_c,0.5,16,16,True,1.0,534
534_b,0.125,16,16,True,1.0,534
534_e,0.0625,16,16,True,1.0,534
538_a,1.0,10257,10295,False,0.9963088878096164,538
540_a,1.0,1,1,True,1.0,540
545_a,1.0,2,2,True,1.0,545
546_a,0.999740485292503,100187,100873,False,0.993199369504228,546
546_b,0.0004491600706678511,100187,100207,False,0.9998004131447903,546
547_a,1.0,6,6,True,1.0,547
550_a,1.0,23662,23838,False,0.9926168302709959,550
561_a,1.0,20,25,False,0.8,561
561_5,1.0,20,25,False,0.8,561
562_3,0.04081632653061224,98,98,True,1.0,562
562_a,0.9795918367346939,98,200,False,0.49,562
562_5,0.9897959183673469,98,200,False,0.49,562
562_c,0.02040816326530612,98,98,True,1.0,562
562_b,0.05102040816326531,98,108,False,0.9074074074074074,562
563_a,1.0,90,90,True,1.0,563
563_5,1.0,90,90,True,1.0,563
580_a,1.0,3326,3395,False,0.9796759941089838,580
588_a,1.0,7461,7468,False,0.9990626673808248,588
588_5,0.9998659697091543,7461,7468,False,0.9990626673808248,588
600_ind1,1.0,66485,78435,False,0.8476445464397272,600
600_ind2,1.0,66485,78435,False,0.8476445464397272,600
600_a,1.0,66485,78435,False,0.8476445464397272,600
600_d,0.924358877942393,66485,77222,False,0.8609593121131284,600
600_7,0.9865232759269008,66485,78372,False,0.8483259327310775,600
600_2,0.9866436038204106,66485,78376,False,0.8482826375421048,600
600_c,0.12264420545987817,66485,71396,False,0.9312146338730461,600
600_b,0.02877340753553433,66485,67771,False,0.9810243319413908,600
600_t,0.029645784763480485,66485,67401,False,0.9864096971855016,600
600_q,0.006422501316086336,66485,66605,False,0.9981983334584491,600
600_x,0.0002556967737083553,66485,66494,False,0.9998646494420549,600
600_n,0.0007219673610588855,66485,66525,False,0.9993987222848553,600
600_r,0.00012032789350981425,66485,66487,False,0.9999699189315204,600
600_l,0.00036098368052944274,66485,66501,False,0.999759402114254,600
600_p,0.0004061066405956231,66485,66495,False,0.9998496127528386,600
600_k,0.00021057381364217493,66485,66485,True,1.0,600
600_m,0.00012032789350981425,66485,66489,False,0.9999398396727278,600
600_o,0.0003760246672181695,66485,66486,False,0.9999849592395391,600
600_z,1.5040986688726781e-05,66485,66485,True,1.0,600
600_y,1.5040986688726781e-05,66485,66485,True,1.0,600
610_ind1,1.0,46236,50266,False,0.9198265228981817,610
610_ind2,1.0,46236,50266,False,0.9198265228981817,610
610_a,1.0,46236,50266,False,0.9198265228981817,610
610_b,0.19156068864088588,46236,49297,False,0.9379069720266954,610
610_7,0.9823514144822216,46236,50199,False,0.9210542042670172,610
610_2,0.9823514144822216,46236,50199,False,0.9210542042670172,610
610_n,0.002811661908469591,46236,46264,False,0.9993947777969912,610
610_d,0.004152608357124318,46236,46271,False,0.9992435866957705,610
610_c,0.0019465351674020244,46236,46254,False,0.9996108444675055,610
610_x,0.00017302534821351327,46236,46237,False,0.9999783722992409,610
610_t,0.004433774547971277,46236,46259,False,0.9995027994552411,610
610_p,2.162816852668916e-05,46236,46236,True,1.0,610
610_z,0.0005839605502206074,46236,46236,True,1.0,610
610_y,8.651267410675664e-05,46236,46236,True,1.0,610
610_k,0.00023790985379358077,46236,46238,False,0.9999567455339764,610
610_l,6.488450558006747e-05,46236,46236,True,1.0,610
610_4,4.325633705337832e-05,46236,46236,True,1.0,610
611_ind1,1.0,2231,2377,False,0.9385780395456458,611
611_ind2,1.0,2231,2377,False,0.9385780395456458,611
611_a,1.0,2231,2377,False,0.9385780395456458,611
611_n,0.2792469744509189,2231,2286,False,0.9759405074365705,611
611_d,0.5508740475123263,2231,2325,False,0.9595698924731183,611
611_c,0.5396683101748095,2231,2365,False,0.9433403805496828,611
611_7,0.9744509188704616,2231,2377,False,0.9385780395456458,611
611_2,0.9744509188704616,2231,2377,False,0.9385780395456458,611
611_z,0.002689376961004034,2231,2231,True,1.0,611
611_y,0.0008964589870013447,2231,2231,True,1.0,611
611_e,0.0008964589870013447,2231,2231,True,1.0,611
630_ind1,1.0,6795,9943,False,0.6833953535150357,630
630_ind2,1.0,6795,9943,False,0.6833953535150357,630
630_a,1.0,6795,9943,False,0.6833953535150357,630
630_7,0.9892568064753495,6795,9931,False,0.6842211257677978,630
630_2,0.9908756438557763,6795,9938,False,0.683739182934192,630
630_d,0.04768211920529802,6795,6867,False,0.9895150720838795,630
630_p,0.3799852832965416,6795,9055,False,0.7504141358365544,630
630_l,0.017807211184694628,6795,6924,False,0.9813691507798961,630
630_s,0.013833701250919794,6795,6907,False,0.9837845663819313,630
630_y,0.0004415011037527594,6795,6795,True,1.0,630
630_k,0.005003679175864606,6795,6796,False,0.9998528546203649,630
630_x,0.001177336276674025,6795,6803,False,0.9988240482140233,630
630_n,0.004562178072111847,6795,6818,False,0.9966265767087122,630
630_z,0.00014716703458425313,6795,6795,True,1.0,630
630_f,0.00014716703458425313,6795,6795,True,1.0,630
648_ind2,1.0,187851,241103,False,0.7791317403765196,648
648_a,1.0,187851,241103,False,0.7791317403765196,648
648_7,0.906660065690361,187851,240511,False,0.7810495154067797,648
648_2,0.906660065690361,187851,240511,False,0.7810495154067797,648
650_ind1,0.9999037692585919,602718,2497493,False,0.24132920492670049,650
650_ind2,1.0,602718,2497624,False,0.2413165472465031,650
650_a,1.0,602718,2497624,False,0.2413165472465031,650
650_7,0.9983408492860675,602718,2496958,False,0.24138091229407943,650
650_2,0.9992699736858697,602718,2497419,False,0.24133635565357675,650
650_x,0.0696080090523263,602718,829595,False,0.7265207721840174,650
650_z,0.4590969574494208,602718,1518225,False,0.3969885886479277,650
650_y,0.30987128308761314,602718,1258173,False,0.47904223028152726,650
651_ind2,1.0,184291,306421,False,0.6014307113415855,651
651_a,1.0,184291,306421,False,0.6014307113415855,651
651_7,0.9927723003293704,184291,306129,False,0.6020043837728539,651
651_x,0.2538214020218025,184291,248533,False,0.7415152112596718,651
651_y,0.0969879158504756,184291,210020,False,0.8774926197505,651
651_2,0.9970698514848799,184291,306393,False,0.601485673628314,651
651_z,0.002968131921797592,184291,185035,False,0.9959791390817954,651
653_ind1,0.9981920740526468,27656,28382,False,0.9744204073004017,653
653_a,1.0,27656,74882,False,0.36932774231457494,653
655_ind2,1.0,883796,2037032,False,0.43386456373783033,655
655_a,1.0,883796,2037032,False,0.43386456373783033,655
655_7,0.999332425129781,883796,2036955,False,0.43388096447884217,655
655_2,0.9994512308270235,883796,2037002,False,0.43387095348949095,655
655_ind1,1.1314828308795243e-05,883796,883797,False,0.9999988685184493,655
655_x,3.394448492638573e-06,883796,883802,False,0.9999932111491036,655
655_z,7.920379816156669e-06,883796,883805,False,0.9999898167582215,655
655_y,1.1314828308795241e-06,883796,883805,False,0.9999898167582215,655
700_ind1,0.9999936044478933,469076,779261,False,0.6019497960246952,700
700_a,1.0,469076,779261,False,0.6019497960246952,700
700_4,0.9890529466440406,469076,773828,False,0.6061760494580191,700
700_d,0.7246501632997638,469076,747912,False,0.6271807378408155,700
700_7,0.9115047454996632,469076,768928,False,0.6100389113154938,700
700_t,0.03214404488824839,469076,515878,False,0.9092769996006808,700
700_q,0.0025646163947846403,469076,471856,False,0.9941083720457089,700
700_l,0.008506084301904169,469076,480863,False,0.9754878208554204,700
700_ind2,0.029185036113550895,469076,492443,False,0.9525488229094535,700
700_c,0.003091183518235851,469076,471913,False,0.9939882986906485,700
700_b,0.00037307387289053375,469076,469406,False,0.9992969838476713,700
700_i,0.006497880940401982,469076,479900,False,0.9774453011043968,700
700_n,0.005589712541251311,469076,484766,False,0.9676338687119146,700
700_k,0.0017481175758299295,469076,473882,False,0.9898582347504231,700
700_m,0.005065277268502332,469076,483761,False,0.9696441011160469,700
700_r,0.004110208153902566,469076,480790,False,0.9756359325277149,700
700_p,0.0025582208426779456,469076,479706,False,0.9778405940305104,700
700_o,0.002521979380740008,469076,476045,False,0.9853606276717537,700
700_s,2.9845909831242698e-05,469076,469151,False,0.999840136757675,700
700_e,1.9186656320084593e-05,469076,469084,False,0.9999829454852436,700
700_6,2.131850702231621e-06,469076,469076,True,1.0,700
700_x,4.263701404463242e-06,469076,469080,False,0.9999914726699071,700
700_f,1.0659253511158107e-05,469076,469116,False,0.9999147332429505,700
700_g,3.8373312640169185e-05,469076,469166,False,0.9998081702425154,700
710_ind1,1.0,191770,222290,False,0.862701875927842,710
710_a,1.0,191770,222290,False,0.862701875927842,710
710_7,0.9443969338269802,191770,221791,False,0.8646428394299137,710
710_b,0.3668091985190593,191770,214142,False,0.8955272669537037,710
710_4,0.27829170360327476,191770,205476,False,0.9332963460452802,710
710_d,0.015961829274651926,191770,192238,False,0.9975655177436303,710
710_c,0.011560723783699224,191770,192156,False,0.9979912154707633,710
710_n,0.004135161912707931,191770,191950,False,0.9990622557957801,710
710_t,0.013161599833133442,191770,193562,False,0.9907419844804248,710
710_ind2,0.012671429316368566,191770,193250,False,0.9923415265200517,710
710_l,0.001626948949262137,191770,192077,False,0.9984016826585171,710
710_u,0.0023674193043750325,191770,191854,False,0.9995621670645387,710
710_k,1.0429159931167545e-05,191770,191771,False,0.9999947854472261,710
710_s,5.214579965583773e-06,191770,191771,False,0.9999947854472261,710
710_i,1.0429159931167545e-05,191770,191770,True,1.0,710
711_ind1,1.0,6386,6984,False,0.9143757159221076,711
711_a,1.0,6386,6984,False,0.9143757159221076,711
711_e,0.01659880989664892,6386,6386,True,1.0,711
711_7,0.7330097087378641,6386,6894,False,0.9263127357122135,711
711_d,0.8609458189790166,6386,6920,False,0.9228323699421965,711
711_c,0.862981522079549,6386,7086,False,0.9012136607394863,711
711_4,0.17005950516755403,6386,6550,False,0.9749618320610687,711
711_n,0.3860006263701848,6386,6692,False,0.9542737597130903,711
711_ind2,0.002662073285311619,6386,6386,True,1.0,711
711_i,0.00015659254619480113,6386,6386,True,1.0,711
720_a,1.0,15,16,False,0.9375,720
720_ind1,0.6666666666666666,15,16,False,0.9375,720
730_ind1,1.0,1091,1700,False,0.6417647058823529,730
730_ind2,0.5068744271310724,1091,1472,False,0.7411684782608695,730
730_a,1.0,1091,1700,False,0.6417647058823529,730
730_p,0.3318056828597617,1091,1290,False,0.8457364341085272,730
730_l,0.5884509624197983,1091,1589,False,0.6865953429830082,730
730_7,0.614115490375802,1091,1350,False,0.8081481481481482,730
730_s,0.01833180568285976,1091,1099,False,0.9927206551410374,730
730_i,0.045829514207149404,1091,1091,True,1.0,730
730_d,0.0614115490375802,1091,1124,False,0.9706405693950177,730
730_m,0.005499541704857928,1091,1091,True,1.0,730
730_n,0.007332722273143905,1091,1093,False,0.9981701738334858,730
730_k,0.022914757103574702,1091,1105,False,0.9873303167420815,730
730_r,0.002749770852428964,1091,1093,False,0.9981701738334858,730
730_o,0.013748854262144821,1091,1092,False,0.9990842490842491,730
730_t,0.0018331805682859762,1091,1102,False,0.9900181488203267,730
730_g,0.002749770852428964,1091,1091,True,1.0,730
740_ind1,0.999957153262779,23339,45601,False,0.5118089515580798,740
740_ind2,0.9848322550237799,23339,45118,False,0.5172880003546256,740
740_a,0.9999143065255581,23339,45601,False,0.5118089515580798,740
740_n,0.0007712412699772913,23339,23352,False,0.9994433025008564,740
740_p,0.0026564977076995585,23339,23368,False,0.9987589866484081,740
740_0,4.2846737220960625e-05,23339,23339,True,1.0,740
740_m,4.2846737220960625e-05,23339,23339,True,1.0,740
740_h,4.2846737220960625e-05,23339,23339,True,1.0,740
752_a,1.0,11,11,True,1.0,752
752_c,1.0,11,11,True,1.0,752
765_ind1,1.0,89335,94416,False,0.9461849686493815,765
765_t,1.0,89335,94416,False,0.9461849686493815,765
765_9,0.9969888621480942,89335,94414,False,0.946205011968564,765
765_ind2,0.017675043376056417,89335,89391,False,0.9993735387231377,765
765_i,0.017675043376056417,89335,89655,False,0.9964307623668507,765
765_n,8.95505680864163e-05,89335,89336,False,0.9999888063042894,765
765_z,7.835674707561426e-05,89335,89335,True,1.0,765
765_x,1.1193821010802037e-05,89335,89335,True,1.0,765
765_a,1.1193821010802037e-05,89335,89335,True,1.0,765
770_ind1,1.0,1770,4295,False,0.4121071012805588,770
770_ind2,0.03220338983050847,1770,1812,False,0.9768211920529801,770
770_i,0.03220338983050847,1770,1827,False,0.9688013136288999,770
770_t,0.9994350282485875,1770,4295,False,0.4121071012805588,770
770_x,0.20225988700564973,1770,3184,False,0.5559045226130653,770
770_g,0.007909604519774011,1770,1781,False,0.9938236945536215,770
770_b,0.0005649717514124294,1770,1789,False,0.9893795416433762,770
770_z,0.0011299435028248588,1770,1771,False,0.9994353472614342,770
770_a,0.001694915254237288,1770,1781,False,0.9938236945536215,770
770_w,0.0005649717514124294,1770,1770,True,1.0,770
770_n,0.002824858757062147,1770,1778,False,0.9955005624296963,770
770_d,0.001694915254237288,1770,1775,False,0.9971830985915493,770
770_s,0.0005649717514124294,1770,1770,True,1.0,770
772_ind1,1.0,1889,2225,False,0.8489887640449438,772
772_ind2,0.1868713605082054,1889,1898,False,0.9952581664910432,772
772_i,0.1768131286394918,1889,1897,False,0.9957828149710068,772
772_t,0.9952355743779777,1889,2225,False,0.8489887640449438,772
772_g,0.22075172048703018,1889,1902,False,0.9931650893796005,772
772_x,0.45579671784012704,1889,2123,False,0.8897786151672162,772
772_c,0.0015881418740074113,1889,1889,True,1.0,772
772_n,0.005823186871360508,1889,1890,False,0.9994708994708995,772
772_a,0.004235044997353097,1889,1918,False,0.9848800834202294,772
772_w,0.0010587612493382743,1889,1889,True,1.0,772
772_s,0.004764425622022234,1889,1889,True,1.0,772
772_d,0.0010587612493382743,1889,1889,True,1.0,772
772_h,0.0005293806246691371,1889,1889,True,1.0,772
775_ind1,1.0,712,2866,False,0.24842986741102582,775
775_t,1.0,712,2866,False,0.24842986741102582,775
775_x,0.46769662921348315,712,1834,False,0.3882224645583424,775
775_b,0.004213483146067416,712,720,False,0.9888888888888889,775
775_n,0.004213483146067416,712,714,False,0.9971988795518207,775
775_ind2,0.04915730337078652,712,723,False,0.9847856154910097,775
775_i,0.04915730337078652,712,724,False,0.9834254143646409,775
775_a,0.007022471910112359,712,712,True,1.0,775
775_d,0.008426966292134831,712,712,True,1.0,775
775_e,0.0056179775280898875,712,721,False,0.9875173370319001,775
775_c,0.007022471910112359,712,713,False,0.9985974754558204,775
776_ind1,1.0,1257,1276,False,0.9851097178683386,776
776_t,1.0,1257,1276,False,0.9851097178683386,776
776_x,0.8090692124105012,1257,1272,False,0.9882075471698113,776
776_ind2,0.2052505966587112,1257,1261,False,0.9968279143536876,776
776_i,0.2052505966587112,1257,1261,False,0.9968279143536876,776
776_n,0.0007955449482895784,1257,1257,True,1.0,776
776_g,0.0031821797931583136,1257,1257,True,1.0,776
776_z,0.1360381861575179,1257,1264,False,0.9944620253164557,776
776_b,0.0007955449482895784,1257,1257,True,1.0,776
776_c,0.0015910898965791568,1257,1257,True,1.0,776
776_a,0.005568814638027049,1257,1257,True,1.0,776
776_d,0.00954653937947494,1257,1260,False,0.9976190476190476,776
776_k,0.008750994431185362,1257,1260,False,0.9976190476190476,776
776_w,0.0007955449482895784,1257,1257,True,1.0,776
776_o,0.0007955449482895784,1257,1257,True,1.0,776
777_ind1,1.0,5,5,True,1.0,777
777_t,1.0,5,5,True,1.0,777
777_x,0.6,5,5,True,1.0,777
777_c,0.2,5,5,True,1.0,777
780_ind1,1.0,7315,7810,False,0.9366197183098591,780
780_ind2,1.0,7315,7810,False,0.9366197183098591,780
780_t,0.9837320574162679,7315,7807,False,0.9369796336620981,780
780_x,0.30239234449760766,7315,7519,False,0.9728687325442213,780
780_s,0.017634996582365003,7315,7330,False,0.9979536152796725,780
780_a,0.0015037593984962407,7315,7315,True,1.0,780
780_w,0.013807245386192754,7315,7318,False,0.999590051926756,780
780_d,0.002050580997949419,7315,7315,True,1.0,780
780_i,0.0005468215994531784,7315,7315,True,1.0,780
780_z,0.0002734107997265892,7315,7315,True,1.0,780
780_g,0.0004101161995898838,7315,7315,True,1.0,780
780_c,0.0008202323991797676,7315,7317,False,0.999726663933306,780
780_b,0.0004101161995898838,7315,7315,True,1.0,780
780_n,0.0002734107997265892,7315,7315,True,1.0,780
780_y,0.0001367053998632946,7315,7315,True,1.0,780
785_ind1,1.0,7315,7647,False,0.9565842814175494,785
785_ind2,1.0,7315,7647,False,0.9565842814175494,785
785_t,0.9804511278195489,7315,7643,False,0.9570849143006672,785
785_x,0.3115516062884484,7315,7479,False,0.9780719347506351,785
785_s,0.0202323991797676,7315,7330,False,0.9979536152796725,785
785_d,0.0019138755980861245,7315,7317,False,0.999726663933306,785
785_a,0.002050580997949419,7315,7320,False,0.9993169398907104,785
785_b,0.0009569377990430622,7315,7315,True,1.0,785
785_w,0.002050580997949419,7315,7315,True,1.0,785
785_n,0.0004101161995898838,7315,7315,True,1.0,785
785_i,0.0004101161995898838,7315,7315,True,1.0,785
785_z,0.0001367053998632946,7315,7316,False,0.9998633132859486,785
785_c,0.0009569377990430622,7315,7317,False,0.999726663933306,785
785_g,0.0004101161995898838,7315,7315,True,1.0,785
787_ind1,1.0,23543,25227,False,0.9332461251833353,787
787_ind2,0.7465488680287135,23543,23863,False,0.9865901185936387,787
787_i,0.7465488680287135,23543,23939,False,0.9834579556372447,787
787_t,0.9822027778957652,23543,25200,False,0.9342460317460317,787
787_g,0.5615257188973368,23543,23653,False,0.9953494271339788,787
787_a,0.03822792337425137,23543,23613,False,0.997035531275145,787
787_x,0.03873762901924139,23543,23758,False,0.9909504167017426,787
787_s,0.017967123985898142,23543,23575,False,0.9986426299045599,787
787_z,0.015503546701779723,23543,23552,False,0.999617866847826,787
787_d,0.002336150872870917,23543,23547,False,0.9998301269800823,787
787_r,0.000297328292910844,23543,23543,True,1.0,787
787_o,0.00025485282249500913,23543,23543,True,1.0,787
787_b,0.00033980376332667884,23543,23545,False,0.9999150562752177,787
787_h,0.0004672301745741834,23543,23546,False,0.9998725898241739,787
787_k,0.00016990188166333942,23543,23545,False,0.9999150562752177,787
787_n,0.00012742641124750457,23543,23543,True,1.0,787
787_5,4.2475470415834855e-05,23543,23543,True,1.0,787
800_ind1,0.9998164632467652,10897,11044,False,0.9866896052155016,800
800_a,1.0,10897,11044,False,0.9866896052155016,800
800_d,0.9630173442231806,10897,11043,False,0.9867789549941139,800
800_t,1.0,10897,11044,False,0.9866896052155016,800
800_q,0.006515554739836653,10897,10897,True,1.0,800
800_b,0.0014682940258786822,10897,10899,False,0.9998164969263235,800
800_f,0.0026612829219051113,10897,10897,True,1.0,800
800_c,0.0023859777920528587,10897,10897,True,1.0,800
800_p,0.008259153895567587,10897,10897,True,1.0,800
800_ind2,0.00018353675323483528,10897,10897,True,1.0,800
800_s,0.0005506102597045058,10897,10897,True,1.0,800
800_l,9.176837661741764e-05,10897,10897,True,1.0,800
810_ind1,1.0,16359,16423,False,0.9961030262436826,810
810_a,1.0,16359,16423,False,0.9961030262436826,810
810_t,1.0,16359,16423,False,0.9961030262436826,810
810_b,0.27599486521181,16359,16405,False,0.9971959768363304,810
810_p,0.2111376000978055,16359,16547,False,0.9886384238834834,810
810_d,0.0028119078183263036,16359,16359,True,1.0,810
810_n,0.0004890274466654441,16359,16359,True,1.0,810
830_ind2,0.9999975570370768,409339,428559,False,0.9551520327422829,830
830_a,1.0,409339,428559,False,0.9551520327422829,830
830_p,0.08171222385357857,409339,412748,False,0.9917407231531103,830
830_n,0.007473023581921097,409339,409651,False,0.9992383760811032,830
830_t,4.885925846303431e-05,409339,409340,False,0.9999975570430449,830
830_s,1.4657777538910292e-05,409339,409341,False,0.9999951140980259,830
830_d,2.198666630836544e-05,409339,409339,True,1.0,830
830_o,2.4429629231517155e-06,409339,409339,True,1.0,830
830_v,0.0002516251810846267,409339,409413,False,0.9998192534189193,830
830_x,2.9315555077820584e-05,409339,409339,True,1.0,830
830_m,2.4429629231517155e-06,409339,409339,True,1.0,830
856_ind1,1.0,264911,276489,False,0.958124916361953,856
856_ind2,0.9978823076429443,264911,275936,False,0.960045082917778,856
856_u,1.0,264911,276490,False,0.9581214510470542,856
856_y,0.9404630234305106,264911,269037,False,0.9846638194746448,856
856_4,0.07000464306880425,264911,274497,False,0.9650779425640353,856
856_z,0.029357029341929932,264911,273964,False,0.9669555124030894,856
856_3,0.034868314264035846,264911,265546,False,0.9976087005641208,856
856_x,3.7748526863739144e-06,264911,264914,False,0.999988675570185,856
856_q,0.024019387643397217,264911,272206,False,0.9732004437815478,856
902_a,0.9841461573305149,6623,45834,False,0.14449971636776193,902
902_q,1.0,6623,99942,False,0.06626843569270177,902
902_z,0.16805073229654235,6623,18981,False,0.3489278752436647,902
925_a,0.8749627347709431,40252,44571,False,0.9030984272284669,925
925_b,0.8377223492000397,40252,43891,False,0.9170900640222369,925
925_c,0.0016893570505813376,40252,40268,False,0.9996026621635046,925
926_a,0.3413985305295161,7894,10117,False,0.7802708312740931,926
926_b,0.8683810488978971,7894,9788,False,0.8064977523498161,926
928_ind1,1.0,123652,139028,False,0.8894035733809017,928
928_a,1.0,123652,139028,False,0.8894035733809017,928
929_a,1.0,6357,6793,False,0.9358162814662152,929
930_a,1.0,4365,4369,False,0.9990844586861982,930
964_a,1.0,204787,299862,False,0.6829374845762384,964
968_a,1.0,17380,17380,True,1.0,968
969_a,1.0,17419,17419,True,1.0,969
970_n,0.9549185202807184,16814,17303,False,0.971739004796856,970
970_k,0.09028190793386463,16814,16919,False,0.9937939594538684,970
970_p,0.09105507315332462,16814,16919,False,0.9937939594538684,970
970_c,0.006006899012727489,16814,16832,False,0.998930608365019,970
970_a,0.8798620197454502,16814,17176,False,0.9789240801117839,970
970_f,0.12329011538004045,16814,16927,False,0.9933242748271991,970
970_e,0.3982395622695373,16814,17045,False,0.9864476386036961,970
970_x,0.36451766385155226,16814,16937,False,0.9927377929975792,970
970_y,0.00041631973355537054,16814,16815,False,0.999940529289325,970
979_n,0.9889169745284854,10286,10458,False,0.9835532606616944,979
979_a,0.8406572039665565,10286,10462,False,0.9831772127700249,979
979_f,0.23721563289908615,10286,10416,False,0.9875192012288786,979
979_e,0.6403849893058526,10286,10444,False,0.9848716966679433,979
979_i,0.777075636787867,10286,10376,False,0.9913261372397841,979
979_j,0.7740618316157885,10286,10376,False,0.9913261372397841,979
979_x,0.6510791366906474,10286,10323,False,0.996415770609319,979
979_k,0.011471903558234494,10286,10298,False,0.9988347251893571,979
979_p,0.010596927863114914,10286,10297,False,0.998931727687676,979
979_b,0.0006805366517596734,10286,10286,True,1.0,979
979_y,0.00029165856503986,10286,10286,True,1.0,979
981_ind1,1.0,266,271,False,0.981549815498155,981
981_a,1.0,266,271,False,0.981549815498155,981
981_4,0.9924812030075187,266,271,False,0.981549815498155,981
981_5,0.5075187969924813,266,268,False,0.9925373134328358,981
981_d,0.3233082706766917,266,270,False,0.9851851851851852,981
981_7,0.31954887218045114,266,270,False,0.9851851851851852,981
982_ind1,1.0,2,2,True,1.0,982
982_a,1.0,2,2,True,1.0,982
982_4,1.0,2,2,True,1.0,982
982_5,1.0,2,2,True,1.0,982
998_a,1.0,1238228,1238228,True,1.0,998
leader,1.0,1238228,1238228,True,1.0,lea
