slova,0
netušila,0.22476722532588453
kamarádka,0.3367766417202488
ptala,0.3492227350012145
četla,0.3927970928025167
sukně,0.4119037387193812
brečet,0.466644758462044
neřekla,0.4712650035953316
růžový,0.5071893030497299
hrnek,0.509976057462091
vyhovovat,0.517367014816614
kabelka,0.5190181861404969
manželství,0.5235754189944134
naštvaný,0.5288640595903166
hladit,0.5288640595903166
zvědavě,0.5323434284034108
trapný,0.5334232325178193
mléko,0.5348063523947022
kavárna,0.5361286757934802
vařit,0.542984216521126
klín,0.5480005880623346
zasmála,0.5492049849591749
vtom,0.5501892232834745
půjdu,0.5524740622505986
wwwalbatrosmediacz,0.5529033350262401
vyrazila,0.553072625698324
náruč,0.5623708578862784
polštář,0.5629843214993693
obývák,0.5711731843575418
stehno,0.575779419715264
medium,0.5811355073405223
donutit,0.5814499746063991
hrozně,0.5819434816294907
večeře,0.5846546323505668
roztomilý,0.5865921787709497
hřbet,0.5865921787709497
sdílet,0.5868217647508992
babička,0.5880537871898142
albatros,0.588133307647852
štíhlý,0.5889622481801252
zamračit,0.5890812544941645
stěhovat,0.5949720670391061
sedlo,0.6005325536469482
proboha,0.6008628795840477
nábytek,0.6019717384160368
gauč,0.602698977000653
sebevědomý,0.602698977000653
miska,0.603594850619383
koupelna,0.6039867953275775
mrzet,0.6084941594718131
závěs,0.6114990689013036
zbláznit,0.6114990689013036
kilo,0.6119712689545092
balit,0.6192566412039676
milovaný,0.6194229739037269
přitisknout,0.6208404177799368
domácnost,0.6208404177799368
pohádat,0.62161260735429
vana,0.6224323162870649
víkend,0.6224323162870649
mrknout,0.6228613826815642
maminka,0.628649731211131
zacházet,0.6299704239237595
svatba,0.6299704239237596
hloupý,0.6331812823535442
přestěhovat,0.6357235784801408
doteď,0.6357235784801408
slza,0.6362077548536976
obzvlášť,0.6395949720670391
polibek,0.6407391491190373
odjíždět,0.6417676228736426
vráska,0.6428433827778848
prázdniny,0.6435412153688291
sníst,0.6448729500810957
jemně,0.645607987638179
tmavě,0.6476911109539636
políbit,0.647989379943581
koutek,0.6481809510832538
objednávat,0.6507506983240223
ostřit,0.6507506983240223
děsit,0.6511015073258142
koberec,0.651337841811232
závidět,0.651337841811232
narozeniny,0.653815458284732
zhluboka,0.6540150965926053
oběd,0.6552224029418003
pobavit,0.6553315521010444
uvolnit,0.6561374197253693
otřít,0.6571333277745351
holka,0.6573481708415931
obejmout,0.6578552936367352
prso,0.6594871104529851
vděčný,0.6596429438911828
hezký,0.6598268421191983
přikývla,0.6610800744878957
tajně,0.6610800744878957
ložnice,0.6641548655320255
fajn,0.6667790406472741
rozšiřovat,0.6667790406472741
moct,0.6670898933468766
talíř,0.6672583929410535
linka,0.6700656288984108
nemusíš,0.6703910614525139
odjakživa,0.6703910614525139
copyright,0.6712505371723249
hádat,0.6712505371723249
kývnout,0.6720980757293606
šat,0.6722848215131142
nadšeně,0.6743016759776536
zapomenout,0.6761046216353478
ach,0.6781402054424222
přát,0.6783793661567378
tričko,0.6784769185533668
strašně,0.6789681235622741
letnit,0.6799680766161212
dcera,0.6799680766161214
ekniha,0.6833342552132308
pláč,0.6838759391254093
trhnout,0.6838759391254093
potěšit,0.6846253922093825
ahoj,0.6857305179433766
manžel,0.6859677949392047
doprovodit,0.6879364525139665
čaj,0.6883974329378088
kafe,0.6894120776802342
blbý,0.6901675977653631
nádech,0.6904614111318023
schovávat,0.6905925778132481
desátý,0.6909353036583169
trápit,0.6913008778930566
zvednout,0.6924243883644771
vyhradit,0.6925084714717464
plakat,0.6926540481947803
bledý,0.6928788628809843
pozvat,0.6941340782122905
dovolená,0.6941340782122905
snídaně,0.6948578885128247
sestra,0.6952482581131129
tvářit,0.6960050595551808
hlasitě,0.6965526638506608
pohádka,0.698445470002429
vyspat,0.698856078744347
nedokážu,0.7009259967857963
skříňka,0.7009259967857963
vzbudit,0.702497139395571
šok,0.7045721846515731
knihovna,0.705664544627777
tatínek,0.705664544627777
dárek,0.7083000798084597
lístek,0.7086184169229804
hubený,0.7089028883870201
procházka,0.7095997129824203
dobrovolno,0.7104144084049029
vzpamatovat,0.7106610800744879
sklenička,0.7113796453728443
nejradši,0.7139664804469273
polknout,0.7139664804469273
předstírat,0.7139664804469273
probírat,0.7139664804469275
pusa,0.7151388391997138
písemný,0.7159833349114667
slečna,0.7161700806952204
pata,0.7163949378634136
zoufalý,0.7168338157097663
batoh,0.7170176192522562
lehnout,0.7177440808725725
unavený,0.7197242746440801
dopadat,0.7198427477757087
nádherný,0.7199661987700109
skládat,0.7206703910614526
výlet,0.7208315427589171
zlobit,0.721988575732848
tištěný,0.7221028505944707
kufr,0.7230040308323314
taška,0.7231198968629136
zamilovat,0.7232993756161683
nadávat,0.7243138207432597
fotka,0.72499907506752
pyšný,0.7251222067039106
láska,0.728327875168561
výběr,0.728840782122905
rozběhnout,0.728840782122905
obrázek,0.7289747848407067
jistě,0.7309656823623304
vydechnout,0.7315230332448026
vztek,0.7315952824332712
narozený,0.7335272059386241
brýle,0.7337988826815642
chudák,0.7349654945777193
klepat,0.7349654945777193
sevřít,0.7349654945777194
denně,0.7349654945777194
nadechnout,0.7349654945777194
vadit,0.7361049759646616
plastový,0.7366320830007981
nechtít,0.7368920096355903
oslava,0.7380666148080051
knihucontents,0.7383755908895574
udržet,0.7396950022648346
náročný,0.7400872053413271
mužský,0.7409086117845473
obočí,0.7412766736880666
zoufalství,0.7412766736880666
přitáhnout,0.7415593879038134
plést,0.7421156965218959
copak,0.742660168786402
pitomý,0.7437150837988826
květina,0.7437150837988826
pršet,0.7437150837988827
landmarks,0.7444778685002148
přestávat,0.7449243766180679
souhlas,0.7455071683381571
neuvěřitelný,0.7455071683381571
pevně,0.7455979067958418
pramen,0.745935128825148
schovat,0.7462361518795568
modrý,0.746419502285424
kočka,0.7468798288363248
vážit,0.7471742237235287
hlad,0.747402927189621
smutek,0.7475290073055436
seznam,0.7475290073055436
tisknout,0.7479648842777333
nevěřícně,0.7479648842777333
rys,0.7492240844196151
dočkat,0.7496648044692737
jedině,0.7498278105150379
evidentně,0.7505801461108723
vyběhnout,0.7509356185930466
zbavovat,0.7509356185930466
každej,0.7515436636283446
peřina,0.7522635330379503
koukat,0.7527088476029622
následně,0.7531291987836786
zapnout,0.7531291987836786
příroda,0.7532673876274922
popadnout,0.7543395849960096
ledový,0.7543395849960096
mlčet,0.7547645650438947
krásně,0.7551568543188655
jídlo,0.7552613453738426
unést,0.7555200851290237
sprcha,0.7559645087085114
podávat,0.7559645087085114
nálada,0.757841515558191
mokrý,0.7582977325008217
zrcadlo,0.7586892130028872
víno,0.7592281591664668
ret,0.7594115830549394
únava,0.7602420856610801
nervóznit,0.7604376714819345
včas,0.7605828485860738
příjemně,0.7611354371130908
sladký,0.7620990521624506
představa,0.7625356287766504
loket,0.7639147527415685
skvělý,0.7639147527415685
autobus,0.7640693913554836
společně,0.7640693913554836
nepříjemný,0.7641843062887602
publikace,0.7642730617250306
vzpomínka,0.7645534774512186
bolet,0.7674787610326931
vyděsit,0.7677058929536853
září,0.7677058929536853
trpělivě,0.7687249715726504
nabídnout,0.7694972067039108
paní,0.7699638514623726
nato,0.7699638514623727
zavrtět,0.7699638514623727
vánoce,0.7699638514623727
odcházet,0.7703322552190532
dotýkat,0.7707592686642966
zachytit,0.7718556545372188
zoufale,0.7734636871508381
omluvit,0.7734636871508381
přehodit,0.7744080872572493
křičet,0.7745198505834517
hrozný,0.7751012249500283
milý,0.7753829518832223
obléci,0.7754692109723181
mávat,0.776050522224921
triko,0.7760505222249211
toužit,0.7760505222249211
detail,0.7775872559322972
vonět,0.7780403953588311
napětí,0.7786054210635217
děvče,0.7786054210635217
promluvit,0.7791300877893057
horký,0.7793296089385474
stihnout,0.7798958176053148
řešit,0.7814558492453931
tančit,0.7814558492453931
sbalit,0.7824290196678656
mnout,0.7827539486627444
skákat,0.7828579829461922
dokola,0.7831256267010456
výhled,0.7832543667350258
teplo,0.7840717162530857
zahrada,0.7841250363289954
skočit,0.7844816883923028
úleva,0.7845785499416784
odmítat,0.7848567692856294
spát,0.7854571952215867
pěkně,0.7856682423721529
kalhoty,0.7860843067546978
svírat,0.7862130885873903
veselý,0.7862130885873903
vybavit,0.7870496634848019
nádobí,0.7871938117748173
loučit,0.7877094972067039
stěžovat,0.7885171972807431
historka,0.7886839028192802
dáma,0.7894263523640823
domácí,0.7895890983135802
zajít,0.7898767096898478
webu,0.7913706134403645
strkat,0.7932960893854748
táta,0.7932960893854748
domov,0.7932960893854748
zmateně,0.7932960893854748
skvrna,0.7932960893854749
uklidnit,0.7932960893854749
zápěstí,0.7932960893854749
zírat,0.7932960893854749
měkký,0.7932960893854749
pomoct,0.7932960893854749
nahlásit,0.7952309578961712
břicho,0.7957295129725468
krásný,0.7960601872578982
povzdech,0.7962126191258626
vyskočit,0.7965741723994645
brada,0.7965741723994645
pryč,0.7966153198849957
počítač,0.7979625369700953
dopoledne,0.7981332606622156
měsíc,0.7994361519968176
pobaveně,0.7994937150837989
smích,0.7994937150837989
zklamání,0.7994937150837989
zakrýt,0.7997985163476509
zavírat,0.8009239363987967
bota,0.8012689144044243
čerstvý,0.8013909474404287
úzký,0.8017354094853204
psice,0.8019188729657518
oblíbený,0.8022095285920532
potichu,0.8025204625178641
chuť,0.80278527705755
vůči,0.8028538735949384
postlat,0.8032122905027933
nahý,0.8035986360008707
vrhnout,0.8040163068096029
kořen,0.8044692737430168
vůně,0.8047599057060743
vyjádřit,0.8055006446067898
rozejít,0.8055006446067898
obchod,0.8055006446067898
nemít,0.8056431102319414
výborně,0.8060911876013697
super,0.8060911876013697
podporovat,0.8060911876013697
prohodit,0.8065176908752327
malovat,0.8067417858157371
povolit,0.8074620909816441
rodinný,0.8077722953961587
uvařit,0.8079867577074281
centimetr,0.8079867577074281
mému,0.8079867577074281
hádka,0.8091620111731843
vyměnit,0.8091620111731843
smířit,0.8098230912476723
jemný,0.8099619736162622
líto,0.8108468878232066
mobil,0.8109810340533039
troška,0.8113255459624176
obrovský,0.8113255459624176
zadek,0.8117448356502533
nakupovat,0.8121840915137004
milovat,0.812266213262084
tlačit,0.8126447744924377
najevo,0.8126447744924377
víčko,0.8133795346863729
poradit,0.8133795346863729
dlaň,0.8135897102767312
usnout,0.8137682465309066
hodný,0.8141723022640399
chléb,0.81417230226404
konverzace,0.8141723022640401
vedlejší,0.814736524233731
barva,0.814736524233731
objednat,0.8148530483361671
zapadnout,0.8150302288206933
smutný,0.8153320918684047
jaro,0.8163570222164479
odrazit,0.8169765696656384
prominout,0.8169765696656384
zvládnout,0.8170949720670392
očividně,0.8171905499091336
tenký,0.8173353648213983
prohlásit,0.8175188707407566
děkovat,0.8177051998281049
měřit,0.8180865921787709
vyděšený,0.8180865921787709
furt,0.8180865921787709
slíbit,0.8185602960538021
odjet,0.81868156424581
kupovat,0.8190524559239644
normální,0.8190524559239644
kuchyňský,0.8193057972341788
zítra,0.8199005314075486
telefon,0.8202527526170202
zvědavý,0.8206511269504911
rodič,0.8208186067723179
fronta,0.8212290502793296
prosit,0.821416659718169
nos,0.8214453054604434
hlasitý,0.8228337097349341
zlatý,0.8230446927374302
sdělit,0.8238074774387624
ucho,0.8241636415016411
doma,0.824676472668128
pas,0.8247137562918302
záchod,0.8247137562918302
vzduch,0.8252102998779941
vážně,0.8256755216052902
verze,0.8258567497706996
nehet,0.8259612224778179
přestože,0.8263500931098696
normálně,0.8263500931098696
párkrát,0.826698029991179
stydět,0.8271562883226597
náhoda,0.8277872237065824
shánět,0.8277872237065824
nikam,0.8282011173184357
podivný,0.8293550025393601
dokud,0.8295283626987537
světlý,0.8296858182563683
bunda,0.8301935819150318
pokoj,0.830481843575419
vypít,0.830481843575419
vézt,0.8309092660373725
vlhký,0.831072093641926
sahat,0.8313308333971071
minimálně,0.8316813840331592
vybrat,0.8318056082876825
kluk,0.8319934595994004
dospělý,0.8320661990170957
vyslechnout,0.8329608938547485
hrdě,0.8329608938547486
hezky,0.8329608938547486
ticho,0.8329608938547486
varianta,0.8329608938547486
pevný,0.8329608938547486
klidný,0.8329608938547487
kuchyně,0.8335357460934337
nadšený,0.8338978577398496
nezapomenout,0.8339779401231915
bavit,0.8341275057509038
zpívat,0.834187640384726
točit,0.8348801585871328
řeknout,0.8349331769499058
koš,0.8357940941739824
rozsvítit,0.8357940941739824
faktum,0.8359111685673393
chránit,0.8361769590819871
připadat,0.836679469273743
cover,0.8367643682559118
nemocnice,0.8368837866044571
louka,0.8373680943513346
ženský,0.8373680943513346
tramvaj,0.8379888268156425
přátelský,0.8379888268156425
ženská,0.8386272944932163
emoce,0.8390631714654061
Hela,0.8399605652316793
usmát,0.8399605652316793
nechápavě,0.8399605652316793
odvézt,0.8399605652316793
neznámo,0.8399605652316793
dej,0.8399605652316794
dotknout,0.8399605652316794
pokaždé,0.8403560268913929
podruhé,0.8408938547486035
jinýho,0.8411674051242536
napůl,0.8416678021528818
odstěhovat,0.8421143102707348
atmosféra,0.8423200050216559
poznamenat,0.8423200050216559
žaludek,0.8425151898218001
zašeptat,0.842877094972067
vlas,0.8428770949720671
upřímně,0.8433584639583447
podržet,0.8437785678009141
lékař,0.8440301416136157
tmavý,0.8449307460910382
vstát,0.8450327908671362
přecházet,0.8450327908671362
líbit,0.8450877130555456
postel,0.8453657168740968
prádlo,0.8454866215818877
sloup,0.8458639025375243
poprosit,0.847078875106524
vítat,0.8482770064715969
nenávidět,0.8482770064715969
utéct,0.8483860955927995
dokonalý,0.848481904299247
skvěle,0.8499600957701515
blízce,0.8499600957701515
pátek,0.8499600957701516
kráva,0.8499600957701516
přiznat,0.8499600957701516
pytel,0.8499600957701517
byt,0.8507813132539875
trávit,0.8509903504316912
těsnit,0.851267726686721
skříň,0.8515196555789043
dočíst,0.8515196555789043
probouzet,0.8517494854454571
koupit,0.8521535411785908
podzim,0.8522572852181791
horko,0.8522572852181791
tichý,0.8522572852181791
odsud,0.8522572852181791
zvědavost,0.8524972900858835
znova,0.8524972900858835
schválně,0.8524972900858835
pomoci,0.8527932960893855
chvilka,0.8527932960893855
kdykoliv,0.8529688040737629
vzdát,0.8531674923579635
znamení,0.8533942779752837
židle,0.8543188654920498
dneska,0.855272346368715
chodba,0.8558218895340838
pozorovat,0.8561136530245961
stará,0.8563149376076854
křeslo,0.8567597765363129
vrazit,0.856759776536313
děcko,0.858320359007235
včerejší,0.858320359007235
jakmile,0.8586528694768918
duše,0.8601226621326209
zlít,0.8604211431027073
smát,0.8609595793624713
křik,0.8611437812408116
tajemný,0.8611437812408116
automaticky,0.8611437812408116
známá,0.8611437812408116
vztah,0.8612302848853358
odvaha,0.861292897047087
nikde,0.8613774701909448
poděkovat,0.8620067742928783
jelikož,0.8621023828525824
hnědý,0.8622783580276899
praštit,0.8636691295728961
nejdříve,0.8636691295728961
sranda,0.8636691295728961
odvrátit,0.8636691295728961
teplý,0.8638112973308503
studio,0.8639320425499349
navrhnout,0.8639320425499349
pohodlný,0.8639320425499349
přivézt,0.8641260973663208
radit,0.8642752131725963
naděje,0.8646927374301676
večer,0.8647642055463285
noční,0.8648563036341645
týden,0.8650580711555426
špička,0.8654139156932452
plnit,0.8672474197519174
zábradlí,0.8672474197519174
obejít,0.8676675977653631
jenže,0.8678539925232075
káva,0.8678539925232075
poznávat,0.8688480978983772
klidnit,0.8693655774087395
hovor,0.8695745595186937
rozbitý,0.870257650296006
konečně,0.8709530860873662
užívat,0.8712090981644054
úžasný,0.8717032610107834
žlutý,0.8719418223848969
zase,0.8724201812024199
navzdory,0.8726256983240224
dětství,0.873196414935091
odmítnout,0.8732654532348171
centr,0.8734696303340069
vtipný,0.8736298705890672
blízkost,0.8736298705890672
doufat,0.8739423723313012
tolik,0.873993450202273
nutit,0.8740297621990409
žnout,0.8749589221163325
honit,0.875361202080524
utéci,0.8756192684726467
nápad,0.8756192684726468
schovaný,0.8759310986964619
letět,0.8762315896394108
ujistit,0.8762315896394108
domek,0.8768009408997354
nabízet,0.8772580842474412
přemýšlet,0.8776892903839297
příští,0.8778276398937631
dívat,0.8780170309703313
vhodný,0.8780170309703315
dětský,0.8784822466349218
vytrhnout,0.8785568840390539
opřít,0.8787279759346798
zpátky,0.8789831234305959
snášet,0.8790578287784993
zvyknout,0.8790578287784993
kamarád,0.8790578287784993
moment,0.8791378304010674
spokojený,0.879269064589812
chovat,0.8795239251882438
překvapit,0.8795239251882438
divný,0.8805586592178771
pěkný,0.8808677356163389
nedávno,0.881103671798371
zvuk,0.8812322125013176
uznat,0.8814400993171942
vysoká,0.8819585934932633
narodit,0.8820564909950385
tvář,0.8827478739452613
svítit,0.8828617768967383
všimnout,0.8829974139802989
jed,0.8831616620111733
cítit,0.8832918642317262
sluchátko,0.883443372270188
otočit,0.8838353169783822
realita,0.8839584996009576
stavit,0.8839584996009577
žít,0.8840950393753787
sebrat,0.8841945996275605
soustředit,0.8841945996275605
rytmus,0.8844179374905632
místnost,0.88456024126168
záležet,0.8846295207291972
teda,0.884983577103394
obvykle,0.8850209497206705
můžou,0.8852023436435481
vítr,0.8852023436435481
krabice,0.8855398207093673
jasnět,0.8862345433720576
dech,0.8862604748603352
vteřina,0.8869148825427668
tátův,0.8874159643973109
ven,0.8877361000266029
zrychlit,0.8877361000266029
svěřit,0.8877361000266029
škola,0.8878098812849161
cit,0.8880180105061286
zastávka,0.8880180105061286
rodný,0.8882681564245811
nerv,0.8886924545647408
kroutit,0.8888739314801104
rudý,0.8891890232672355
vejít,0.8893266686268745
svoboda,0.8893266686268745
přání,0.8895698866409937
venek,0.8896249002394254
pohoda,0.889677857254738
zakoupit,0.8897780462026272
období,0.8897780462026272
natáhnout,0.8900395149202889
zamyslet,0.890115690845907
přijet,0.8909325311559949
těšit,0.8909926521176762
vyprávět,0.8910209699619464
duch,0.891213389121339
srdce,0.8913603661176278
bydlet,0.8924581005586592
vracet,0.8924581005586592
řvát,0.8924581005586592
ignorovat,0.8924581005586592
pravidelně,0.8924581005586593
kontrolovat,0.8924581005586593
někam,0.8924581005586593
divadlo,0.8924581005586593
blbost,0.8924581005586593
divoký,0.8924581005586594
vždycky,0.8933623134264997
počkat,0.8935978937905349
spánek,0.8945679305836206
mnohem,0.895291300877893
příště,0.8959579362471246
pracovat,0.89607129124918
postarat,0.8961307676391475
cestovat,0.8961307676391475
donést,0.8961307676391475
kulatý,0.8963215555394326
dozadu,0.8965332517027627
nějak,0.89670790103751
vyřešit,0.8970348087666522
nešťastný,0.8970348087666522
zdát,0.8972717904214351
umřít,0.8973349207802912
úcta,0.8973349207802912
povídat,0.8975578611332802
zasloužit,0.897866937531742
šťastný,0.8979333036295711
potřebovat,0.8982586638863386
knížka,0.8982911600394348
potkat,0.8986557262569832
prohlížet,0.8986557262569832
pozdit,0.8988786624331819
neděle,0.8990689013035381
naprosto,0.8997138574737703
sbírat,0.8997138574737703
nosit,0.8998337873401357
přinést,0.9001649926187513
vymyslet,0.9004982636267552
kontakt,0.9004982636267553
napadnout,0.9007216014897579
nabrat,0.9009577015163607
pochopit,0.9010276570797986
kousek,0.9010276570797986
zásoba,0.9014728288471305
najednou,0.901595896810113
určitě,0.9021798663599517
zatím,0.9025613998102667
příjemný,0.9029224333960304
nastoupit,0.903082601755786
vydržet,0.9031370863773098
pes,0.9033152550666722
opakovat,0.9037550385404143
spěchat,0.9037550385404143
ulevit,0.903899871078642
okamžitě,0.9041496913956723
krása,0.9043575418994413
sen,0.9043575418994413
barevný,0.9043575418994413
pořád,0.9049275750175626
koleno,0.9049275750175626
schodiště,0.9050279329608939
zachraňovat,0.9050279329608939
lepšit,0.9053922759290746
stolek,0.9053922759290746
raději,0.9055549699588911
kolečko,0.9057783707162511
udržovat,0.9061042488852443
nemocný,0.9066241021548284
zábava,0.9066241021548285
jakoby,0.9066241021548285
krok,0.9070203539477282
noha,0.9074154988920445
sundat,0.9081152602175832
dítě,0.9083005520478661
dovnitř,0.9085780334094725
práh,0.9086846114779077
oblečený,0.9088034870157775
obava,0.908854968547926
sklonit,0.9089851024208566
větev,0.9092969326446717
dům,0.9095908040597854
hrát,0.909687021418865
zmínit,0.9099572790009859
pronést,0.9099572790009859
majitel,0.9099572790009859
bušit,0.909957279000986
sex,0.909957279000986
bolest,0.9103397747046432
hrůza,0.9105659460772406
průběh,0.9110509776536312
legrace,0.9110509776536312
hodit,0.9111287721184638
takhle,0.9113618953308047
červený,0.9120891586081729
společný,0.9120891586081729
smutnět,0.912290502793296
pojďte,0.912290502793296
chodit,0.912290502793296
čísnout,0.9125887344058469
alkohol,0.9126755979823181
přidat,0.9127412392077197
plot,0.9128338562791766
černý,0.9129407454895138
kolikrát,0.913212940106535
oznámit,0.9132129401065351
vznášet,0.9137071029529129
zařadit,0.9137071029529129
odejít,0.9137071029529129
uvnitř,0.913707102952913
odvést,0.9140150595093515
začínat,0.9144941030415891
škoda,0.9146585508213124
běžet,0.9149348230912477
snažit,0.9155870415025387
snaha,0.9160681032189413
nést,0.9165785897629473
doplnit,0.9168422016668192
měsíční,0.9168422016668192
rozhodnout,0.9174990124710796
od,0.917668781365401
studený,0.9177346916420198
vypadat,0.9177760608581956
učít,0.9179569034317637
mezitím,0.9179569034317637
zelený,0.9179569034317638
smět,0.9180842382775719
vyjít,0.9184132578456001
pochválit,0.9185533666568657
rozpačitě,0.9185533666568657
prý,0.9185533666568657
jídelna,0.9185533666568657
litovat,0.9185533666568657
právo,0.9189667570108966
obličej,0.9190986408738432
míjet,0.9195022854240731
pořádně,0.9195022854240732
dveře,0.9207109640772759
máma,0.9207536872944523
odpovídat,0.9209841585673834
jezdit,0.9212470715444224
poslouchat,0.9215737549031261
dodat,0.9217877094972067
rameno,0.9223096402543929
akorát,0.9226378430896283
stejný,0.9227286092325787
pořádek,0.9228138182647361
matka,0.9232325178193027
nesmírně,0.9232325178193027
připomínat,0.9232325178193027
mizet,0.9232325178193027
kůže,0.9234462290502793
nejlepší,0.9234701581070296
odpočívat,0.9235387309263738
dřevěný,0.9237724198765069
posadit,0.924169809715566
prostě,0.9242284536529803
opravdu,0.9242284536529803
vždyť,0.9244194099450576
prudce,0.9244194099450576
překvapený,0.9245609099312729
klid,0.9249768167733471
něčí,0.9255121042830539
několikrát,0.925512104283054
chybět,0.925512104283054
čtený,0.925512104283054
omlouvat,0.925512104283054
doslova,0.9255121042830541
hlaveň,0.9264270940055286
těžký,0.9269976774841504
ačkoliv,0.9273357734540549
věčně,0.9274564574433126
házet,0.9274564574433126
zub,0.9274564574433126
drahý,0.9274564574433126
vlna,0.9275942462499451
lehce,0.9277530536880977
vysvětlit,0.9280067460735745
dařit,0.9281564245810056
přivést,0.9281564245810056
kost,0.9287368851342145
zdravý,0.9287368851342145
opustit,0.9294238207001422
odpovědět,0.9300245962590805
dávat,0.9300712772105567
moc,0.9303199593702387
spousta,0.9305973356252685
paže,0.9312606266699053
volat,0.9314947293915417
rád,0.9318081049924625
brzy,0.9319616659853749
spolu,0.9324480263760418
ústa,0.9326589158991393
vzhled,0.9331216590973032
dopadnout,0.9334292309236275
radost,0.9334906569061837
štěstí,0.9337360669321858
špinavý,0.934161750117475
divit,0.9342536589870263
pomalu,0.9343575418994413
pár,0.9345111000614233
pořádný,0.9349561053471667
studovat,0.9349561053471667
přednost,0.9349561053471667
vzor,0.9349561053471668
přestat,0.93528682911984
aspoň,0.9356825669674831
malý,0.935810336599197
odpověď,0.9360893854748604
strom,0.9362504608229589
tón,0.9366011894034961
plán,0.9367645310828481
pocit,0.9373098409969919
dokonavý,0.937384562763653
špatně,0.9375317420010156
cizí,0.9377277143551129
úvaha,0.9379559645087086
sedět,0.9381588535341268
zopakovat,0.9384112276876959
hlídat,0.9388550048690483
slibovat,0.9394295795354307
přitahovat,0.9394295795354309
žena,0.939620520506881
čtenář,0.9396983719759273
utíkat,0.9400558659217877
přítomný,0.9402027726050073
krk,0.9402683559457302
správný,0.9404397188682646
docházet,0.9404397188682646
tenhle,0.9405366514305062
následující,0.9406225059856345
bezpečí,0.9408860595037027
kolegyně,0.9408860595037027
otvírat,0.9411376333164042
zbytek,0.9412263027749793
dřevo,0.9414942599300141
teprve,0.9416079669662375
zvíře,0.9416824082633335
zajímat,0.9420391061452514
nečekaně,0.9420391061452514
přece,0.9421749445167215
volný,0.9423257015532664
vedle,0.9423470627016898
odchod,0.9424357541899441
hruď,0.9425300071906632
šedý,0.9426830153087136
strhnout,0.9426830153087136
takže,0.9430392993415228
budit,0.9433791333232674
restaurace,0.9437487959930648
schod,0.9437487959930648
podivně,0.9437487959930649
sehnat,0.9437487959930649
zůstat,0.9439982340255727
navždy,0.9444001064112796
maso,0.9444001064112796
stávat,0.9444001064112796
znovu,0.944518156424581
proběhnout,0.9445948280827046
pozdravit,0.9454350654320043
blázen,0.9454350654320043
třást,0.9458530296519123
vypnout,0.9462206367368916
výraz,0.9464206833831365
kouknout,0.946837267976212
odpoledne,0.9469712480622423
pomyslet,0.9470983924295976
přečíst,0.9472192112065371
mysl,0.9473785990545767
dík,0.9474649520396332
nejvíce,0.9478043393529947
leda,0.9479215983334911
pustit,0.9480855702411772
plavat,0.9482367318435754
brát,0.9482367318435754
celek,0.9486267922022111
partner,0.9487392420353313
vtip,0.9487392420353313
volno,0.9489427904674351
mluvit,0.949203991345626
prst,0.9492302443601006
řídit,0.9494235112326163
zámek,0.9495513797189774
rozloučit,0.9498676859747134
jaký,0.9499554011548753
koruna,0.9499554011548755
živý,0.9501104326360921
myšlenka,0.9502117993738104
vzápětí,0.9503026070763502
ano,0.950384423917252
věnovat,0.950868600290809
zavřít,0.950868600290809
otec,0.9509595381127135
hlas,0.9519553072625697
vedro,0.9519553072625697
přibližovat,0.9519553072625697
deska,0.9519553072625697
podařit,0.9519553072625697
správně,0.9519553072625698
vstup,0.9519553072625698
jednoduše,0.9519553072625698
spadnout,0.9519553072625698
bar,0.9519553072625698
ukončit,0.9519553072625698
napsat,0.9519553072625698
zmatený,0.9519553072625698
zpět,0.9519553072625699
někdo,0.9525562891484679
otevřít,0.9527459678167747
bát,0.9528175856205976
vážený,0.9530571073867163
naučit,0.9532701626593413
stáhnout,0.953772015864216
přitom,0.9538073603895397
jestli,0.9538194495091675
nesmysl,0.9555611985779585
myslet,0.9556073097200989
domluvit,0.9557031628029736
tělo,0.9557329076882148
potřeba,0.9557530013075004
předsíň,0.9558567634398754
strávit,0.9558567634398754
auto,0.9562051077414205
podívat,0.9563354697192993
nevypadat,0.9568622933824799
suchý,0.957128977410736
spodní,0.957128977410736
voda,0.9573817625971285
založit,0.957426314775573
rychlý,0.9575881789031767
viset,0.9577599127946587
okno,0.9578628313324616
dna,0.9579803408528393
bílý,0.9583137873683313
vzít,0.9584755490931353
svědomí,0.9585661080074488
ozývat,0.9585661080074488
tenkrát,0.9588039065953942
rodina,0.9588039065953942
sotva,0.9588870206649672
zvlášť,0.9592406795120283
rukáv,0.9592406795120283
příběh,0.9592406795120283
dlouho,0.9593088946079971
oko,0.9596323661921067
vložit,0.960068562722194
důkaz,0.960068562722194
chytit,0.960068562722194
spustit,0.9604549082202712
hned,0.9604783230989428
teď,0.9607697082557418
starost,0.9608244560879975
čí,0.9609360177084432
nebe,0.961108723678556
stan,0.961108723678556
sebou,0.9613672947637534
procházet,0.9615710174369392
přinášet,0.9617356700084181
záda,0.9619060596032936
bok,0.9619308868296926
držet,0.9626978584729982
časopis,0.9632881085395051
přesně,0.9632881085395053
široký,0.9632881085395053
téměř,0.9635388342314728
čekat,0.9646480446927373
uslyšet,0.9648195681715236
zůstávat,0.9649795714166597
schopný,0.9650156697097698
nakonec,0.9654935938179506
zeptat,0.9656993428537467
mráz,0.9657517609910129
výrazný,0.9657517609910129
ovládnout,0.9657517609910129
hodiny,0.9658290953728988
lavice,0.9659546500164311
nabídka,0.9668296089385474
dívka,0.9668296089385475
sedačka,0.9668296089385475
otevřený,0.9671959710487932
dokázat,0.9672645300401842
někdy,0.9673094251216436
začátek,0.9674763177070682
zřejmě,0.9677256512081847
datum,0.9678212290502793
představovat,0.9679396314516802
pálit,0.9682878738087415
stůl,0.9685591789008704
sníh,0.9685591789008704
nechat,0.9685591789008705
vzhůru,0.9688040737627923
působit,0.9688616173642275
kabát,0.9691297586822553
rozum,0.9691297586822553
touha,0.9692286898540279
sám,0.9699058027158177
slunečný,0.9702621400945424
takový,0.9705857457254106
přítel,0.9705995932343021
internet,0.9707438988532785
nebýt,0.9708996914867006
zavolat,0.9708996914867006
udělat,0.9710683995715982
blízký,0.9712516986260004
život,0.9716880491844697
zrovna,0.9717190852680211
útěk,0.9717877094972066
zatímco,0.9718667230519265
pohyb,0.9718915440638802
popovídat,0.9720670391061452
spočítat,0.9720670391061452
vyhnout,0.9724274644080015
bránit,0.9725504941985389
vlastně,0.9726499878552344
chyba,0.9728010439179546
kniha,0.9729102983029408
ukázka,0.9731098696461826
pult,0.973590655154901
horšit,0.9735906551549011
hrdlo,0.9735906551549011
vůbec,0.974167597765363
kromě,0.9745696301726535
typ,0.9746209098164406
vidět,0.9746486183770199
věta,0.9748939893652823
kvůli,0.9749864840511804
samozřejmě,0.9751527741362968
skutečnost,0.9752634913321431
samý,0.9757541899441341
dorazit,0.9760215931203315
dýchat,0.9763644177051998
ochotný,0.9763644177051999
poslední,0.9764449226868709
špatný,0.9766075363351066
tady,0.9767723239625966
večerní,0.9768198115567415
asi,0.9770067627168479
ustoupit,0.9774541101356743
ušklíbl,0.9774541101356743
klasický,0.9774541101356743
zima,0.9774541101356744
strach,0.9774541101356744
noc,0.9777247980642636
doktorka,0.9778748824603131
slyšet,0.9779853351955308
akce,0.9786456429802118
chápat,0.9789611315820753
zlato,0.9790679584187822
vnitřní,0.9793345528254312
lepší,0.9799539927702925
vytáhnout,0.9802408645480354
čelo,0.9802873104549082
návštěva,0.9803517013712544
neustále,0.9803942236745019
dost,0.9805697996362981
často,0.980678096705837
aha,0.9807231874270981
množství,0.9807231874270981
bez,0.9808202887327839
hledět,0.9808998943077154
snad,0.9811238542817573
prs,0.981182005292561
sobota,0.9817039106145252
skoro,0.9818020908236074
jinak,0.9823526340521067
samota,0.9823957385994544
patro,0.9826053834433723
hlásit,0.9828057107386715
sem,0.9828207523785917
vykřiknout,0.9829973281515666
se,0.983120510774142
narazit,0.9838120793560023
nápis,0.9839922647185217
jít,0.9839922647185217
trpět,0.984274777570867
stačit,0.984274777570867
soukromý,0.9844083291010665
dávno,0.9844517735747459
totiž,0.984486154093485
ozvat,0.984620440354913
látka,0.9847813523405895
spíše,0.9848972635167125
vrátit,0.9850292831946531
naznačit,0.9852225626238962
pěst,0.9852225626238962
velký,0.9852854377994043
začít,0.9852854377994043
léto,0.9853383553679314
typický,0.9854224860335196
nový,0.985576997477522
ráno,0.9861415475786289
zas,0.9861865768730389
téma,0.9861865768730389
chtít,0.9864382489151926
předtím,0.9864821836917822
požádat,0.9874004516819208
dovolit,0.9874004516819208
jen,0.987878149046063
řeč,0.9879811388447545
nikdo,0.9880512989903922
kilometr,0.9880786113328011
omyl,0.9882586876242779
celej,0.9882586876242779
smrdět,0.9882586876242779
umět,0.9885689729265148
pod,0.9885689729265149
ruka,0.9887035819914558
hlava,0.9887458505384179
debata,0.9888268156424581
natož,0.9888268156424581
kdesi,0.9888268156424581
tvrdit,0.9891410614525141
kout,0.9895324904439871
dokonce,0.9897313115190209
sakra,0.989953523308765
světlo,0.9900707053072625
tam,0.9901724911307752
zemřít,0.9901724911307752
psát,0.9906976744186048
směr,0.9908989334687659
hodně,0.9911399082879057
zraněný,0.9916201117318435
stékat,0.9916201117318435
kariéra,0.9916201117318435
parka,0.9916201117318435
zapomínat,0.9916201117318436
budoucí,0.9916201117318436
čepice,0.9916201117318436
jiný,0.9916201117318436
smysl,0.9916201117318437
zařídit,0.9916201117318437
pro,0.9920911901697209
přijít,0.9921122308939934
rovný,0.9924861554975482
ty,0.9926019138226672
kolem,0.9926979596793781
tišit,0.9929335158533428
usadit,0.993181718207012
čtyři,0.9932194990088306
patnáct,0.9932591532388384
třeba,0.9933751915756167
oba,0.993406814635865
nápadně,0.9934395981753883
jistit,0.9934910930747338
reakce,0.993545587676954
dokonale,0.9936646892818062
počasí,0.9937994965927927
vysoký,0.9939533355241538
fotografie,0.9939533355241539
deset,0.9940685564521692
čerstvě,0.9941305423944558
nad,0.9942091981854515
který,0.994413407821229
pět,0.9945153529339804
papírový,0.9945801717668641
mimochod,0.9945801717668641
povaha,0.9945801717668641
předem,0.9945801717668641
naproti,0.9947189245810055
rychlit,0.9947482508855718
zlatá,0.9948713252129314
sledovat,0.9949532885780012
rada,0.9950394914274707
důvod,0.9950394914274707
posunout,0.9952260030472321
pravda,0.9954340352385045
starý,0.995597957452258
uvidět,0.9957396018102548
naštěstí,0.9957953543075566
vědět,0.9958397717817663
přesvědčit,0.9960768313351328
palec,0.9962322982980383
úsměv,0.9963421122639
trocha,0.9963798882681564
ono,0.9964572830085843
pravděpodobně,0.9965782122905028
pára,0.9965782122905028
docela,0.996705343074058
jeho,0.9967532040749261
cokoliv,0.9968118400655182
úplně,0.9968853512631631
nic,0.9969023496151609
rána,0.9969802204439077
žádný,0.9971430591895906
ten,0.9972067039106145
mít,0.9972067039106145
přísný,0.9974531712126191
projít,0.9978177374301676
chytrý,0.9980176608397909
varovat,0.9980176608397912
zlý,0.9982752802669566
dát,0.9982944778685002
zaujmout,0.9984588711230977
dlouhý,0.9985788493580319
pondělí,0.998703112529928
děj,0.9987031125299283
síla,0.9989654458928201
středa,0.9989654458928202
přes,0.999044005616467
než,0.9992114618695037
také,0.9993220155122852
rok,0.9993220155122852
já,0.9994358367504197
svůj,0.9995530726256984
on,0.9995530726256984
tak,0.9995530726256984
všechen,0.9995530726256984
jako,1.0
když,1.0
ale,1.0
být,1.0
možný,1.0001555759847254
celý,1.0005002918369048
proč,1.000563104781945
skončit,1.0010641127959565
tahat,1.0010641127959565
dělat,1.0012573404392118
jeden,1.0014659851816632
mladý,1.0016618343822927
přesto,1.0017905744162727
aby,1.00191050911774
jak,1.00191050911774
moci,1.00191050911774
film,1.0020582181711262
dobrodružství,1.0020582181711262
péče,1.0020582181711262
půlka,1.0020582181711262
přítomnost,1.0020582181711262
hledat,1.0020582181711262
otáčet,1.0020582181711262
smůla,1.0020582181711262
hodina,1.0022683813880244
ani,1.0029529130087789
rozhodnutí,1.003093402280807
něco,1.0031171565055461
půl,1.0031816018237842
rozhovor,1.0032862306933945
muž,1.003432514316737
kde,1.0039230907855885
bod,1.0040153631284916
dva,1.0041967570513695
fungovat,1.0044982950010883
vysledovat,1.0044982950010883
ležet,1.0046587152771065
speciální,1.0052976305143517
dlouze,1.0052976305143517
srazit,1.005586592178771
ukázat,1.005586592178771
mladík,1.0059321545815816
rozhodně,1.0060436769933976
protože,1.006405193089285
před,1.0068758057584872
nebo,1.0068758057584872
tři,1.007141122176342
setkat,1.0073601135053647
místo,1.0075657617697424
každý,1.0075657617697424
čtvrtý,1.0078098278417513
mlha,1.008147113594041
čas,1.0082732739135998
energie,1.0084272322696715
kdokoliv,1.0084272322696715
cela,1.0084863775618866
ostatní,1.0087761690282422
dálka,1.0088656788923973
trvat,1.009649568308786
zbývat,1.0096495683087863
vzpomenout,1.0100013625834583
roh,1.0100688579966222
sval,1.0100688579966222
další,1.0101037107918327
muset,1.010168401591576
najít,1.010455354077588
patrně,1.0106374837376597
příležitost,1.0106374837376597
vyrůst,1.0106374837376597
ničí,1.0106374837376597
dopříst,1.0108127590556857
tvůj,1.0108555520263074
zavřený,1.0109259900133485
mezi,1.0111442382840767
kamarádit,1.0114525139664803
zvolit,1.0114525139664803
rychle,1.0114525139664805
naposled,1.0114525139664805
sejít,1.0114525139664805
kdyby,1.0114525139664805
říkat,1.011606253518687
nějaký,1.0117545302441653
ještě,1.01187648456057
jazyk,1.012136389905606
kus,1.012260168356126
řečit,1.0123405319769867
minout,1.0124121463326727
menšit,1.0127184119814572
příliš,1.0127184119814572
stavět,1.0127184119814572
vnímat,1.0129780833691449
vyvolat,1.0130605465800997
prakticky,1.0130605465800997
zjistit,1.0131251262031367
všude,1.0132197577299629
marný,1.0136561142147735
dobře,1.0138809713829666
druhý,1.0139874826731634
posílat,1.0140393490405635
vlastní,1.0143786060994597
dojít,1.0145036527718092
člověk,1.0145223944106625
chvíle,1.0148650719569792
můj,1.0149523496549457
názor,1.0149523496549457
znamenat,1.014952349654946
stát,1.0150366830450293
pak,1.0153802024285967
věřit,1.0155933452022836
školní,1.015805968115547
kontrola,1.015805968115547
podat,1.015975693423503
první,1.0160983915680453
devět,1.016132069549934
doba,1.0164106145251397
krčit,1.0168613509395632
klíč,1.0172103081636332
dělit,1.017488462472674
patřit,1.017607397418609
popisovat,1.01771537783005
následovat,1.0178138505323073
parta,1.0179040183078685
práce,1.017986889269222
pravidlo,1.018199619881357
poznámka,1.0185921787709495
nikdy,1.0186170990669514
zvedat,1.0186642965972574
sáhnout,1.0186642965972574
cesta,1.0194926770345765
představit,1.019952114924182
zbavit,1.019952114924182
tušit,1.019952114924182
hluboký,1.0199521149241821
dle,1.0199521149241821
pohled,1.020937575904785
den,1.0210741744565517
kdy,1.0212664862063008
sice,1.0216296677447811
věc,1.0218729286999337
opačný,1.0219520210318764
sednout,1.0220379065702436
stejně,1.0222126470937836
zarazit,1.0222338869933636
bezpečně,1.0226082402234637
pravý,1.022845596101272
pozornost,1.0229344310496913
krátce,1.0229344310496913
neznámý,1.0233519553072625
tvar,1.0233519553072625
pokračovat,1.0238009908295562
dobrý,1.0240731335703404
možnost,1.0243333525312446
vytvořit,1.0246741154562382
zkusit,1.0246741154562384
pach,1.0246741154562384
tma,1.0248651790615817
adresa,1.0251826385904597
znát,1.0256880419508516
dodávat,1.025813908688114
vsadit,1.025813908688114
opatrně,1.0264902695070293
myslit,1.0269380883140737
strana,1.0272167311273457
mládí,1.0276790248857288
gesto,1.0276790248857288
hluboko,1.0283467825367267
ponořit,1.0285957769150649
písek,1.0285957769150649
měnit,1.0289516924088071
zcela,1.0289516924088071
vesnice,1.0291408727162918
tentokrát,1.0293016759776537
jediný,1.029423811006078
velmi,1.0294400415746394
déšť,1.029759346798453
rozumný,1.029759346798453
starat,1.029759346798453
včera,1.0298931686758797
jinam,1.030100892187109
zároveň,1.0301831160769708
slovo,1.0303985518554353
styl,1.0304670851811322
pracovní,1.0306602736110502
tvrdý,1.0307262569832403
stále,1.0307262569832403
právě,1.0308606936934246
přerušit,1.0312849162011173
skrz,1.0312849162011173
zkouška,1.0312849162011175
znít,1.0316488134898265
pokud,1.0319869481386266
upravit,1.0324515280972724
ničema,1.0324515280972724
šedesát,1.0327817012754295
občas,1.0330284240898766
málo,1.0333725374889737
ztracený,1.033372537488974
podlaha,1.033372537488974
navštěvovat,1.0338858869859877
syn,1.0338858869859877
několik,1.0345805082638464
ráz,1.034734029633228
díl,1.034734029633228
kdo,1.0347340296332281
poprvé,1.0354059348472755
zeď,1.0356921166977033
pokrčit,1.0356921166977033
pozor,1.0358506490896668
dostat,1.0359890978632413
osobně,1.0364029554874754
tajemství,1.0364029554874754
hluboce,1.0373871938117747
čtrnáct,1.0373871938117747
určitý,1.038284587578048
by,1.0383296305084013
ztratit,1.0383946453041004
kolik,1.0384966988318942
bůh,1.0384966988318944
seš,1.0391061452513968
paprsek,1.0393182943214765
kapitola,1.0394914274706222
ukazovat,1.039566578672724
dojem,1.0401609563620735
souhlasit,1.0402160642273113
konec,1.0403104405713712
silný,1.0405572081549734
plný,1.0407462457075496
změnit,1.0412011173184357
úmysl,1.0412011173184357
vzrušený,1.0412011173184357
hotel,1.0412011173184357
jednoduchý,1.0412011173184357
samotný,1.0412011173184357
cože,1.0412011173184357
stránka,1.0412011173184357
nedostatek,1.0412011173184357
probrat,1.0412011173184357
třikrát,1.041201117318436
jenom,1.041745963533673
položit,1.0418621973929236
chodník,1.0428723871696692
úplný,1.0428723871696692
padnout,1.0431328448088226
rozhlédnout,1.0436395274292516
těžce,1.0438106439282564
nahoře,1.0442366890890435
existovat,1.0443658623558778
čtyřicet,1.0445065176908752
seznámit,1.0445065176908752
přejít,1.0448289957759913
minulost,1.0450813699295602
odnést,1.0452211988524838
známý,1.0454165064573768
při,1.045611287626677
jet,1.0457084814626714
uvědomit,1.0458701806247963
uprostřed,1.0458982652161128
což,1.0459651285313825
dohled,1.0463301868618762
svědek,1.0463301868618762
skleněný,1.0463301868618762
pomalý,1.046577370936259
pocítit,1.046577370936259
město,1.0466296945724423
okraj,1.0467929600537658
připravený,1.0467929600537658
obdivovat,1.0471508379888268
jakýkoliv,1.0471508379888268
padat,1.0471508379888268
přicházet,1.047150837988827
dnešní,1.0480964889563062
každopádně,1.0482841181165203
vysvětlovat,1.0485646329996128
dnešek,1.0487643215604583
tento,1.0491223430630392
podle,1.0497277870689963
podivit,1.0499507065395992
navíc,1.050215845606907
odkud,1.0504975558659218
zastavit,1.0504975558659218
pravidelný,1.050695352430762
osobnost,1.0511173184357543
fantazie,1.0511173184357543
tráva,1.0511173184357543
budoucnost,1.051309866030265
poznat,1.0513562630409907
problém,1.0516933633139387
slunce,1.0518256185155626
nazývat,1.0519795967937817
pokládat,1.0519795967937817
základní,1.0521611290796824
proto,1.052774781446718
nejbližší,1.0530479062639047
minuta,1.0532613619205797
rámec,1.0533931678725157
zájem,1.053393167872516
zbytečně,1.0535963687150838
les,1.0545612685244037
země,1.0548891249957157
odněkud,1.0552334773901126
rolo,1.0552334773901126
zamknout,1.0552334773901126
papír,1.0554871697755894
připustit,1.0555956028113174
ostrý,1.0557399084302936
pás,1.0560754189944135
naklonit,1.0562425459795368
bohatý,1.0563789761714741
část,1.0572525220047426
starší,1.0577281191806331
plánovat,1.0577281191806331
trčet,1.0577281191806331
dvojice,1.0577281191806331
jinde,1.0577281191806331
odmlčet,1.0577281191806331
chopit,1.0577281191806331
skutečně,1.0584968169416655
nijak,1.0586399537661335
košile,1.0596582799820577
zavést,1.0597939944134078
zásadní,1.0601320467242255
naopak,1.0604683474686658
zrak,1.060802910224763
dnes,1.061069318113063
uložit,1.0613015249886757
zlomit,1.0613015249886757
Kama,1.0615057196062783
co,1.0617963042544047
ptát,1.0619121702849867
peklo,1.061993151919265
zachránit,1.0624501197126897
většina,1.0625922535079688
spolužák,1.0630167597765363
těžko,1.0633543325805301
říci,1.0634923051162224
věčný,1.0637379380396141
zajistit,1.0637379380396141
očekávat,1.0638573384142958
soused,1.0641776808829542
strčit,1.0646868568068215
autorka,1.0646868568068215
vyprávěný,1.0654150967909575
snadný,1.0654150967909575
zaslechnout,1.065776050522225
vchod,1.065776050522225
číslo,1.0659916201117319
pamatovat,1.0673747812117869
utrpět,1.0674498849819256
živit,1.0674498849819256
válet,1.0678985818650621
situace,1.0678985818650621
alespoň,1.0686391495362588
předeveš,1.069090432960894
zdít,1.0694434622728237
povědět,1.0696127047894044
provést,1.069747756898595
pečlivě,1.069949767616544
bývat,1.0702849474111293
chlap,1.0703517587939697
navzájem,1.070949720670391
veškerý,1.0717377631432905
vstoupit,1.0717377631432905
nemuset,1.071933145574588
hudba,1.0720217424128038
hustý,1.0720217424128038
jasný,1.0723070713936742
vyndat,1.0726256983240225
táhnout,1.0740404846550098
svět,1.0741088643891827
pozdě,1.0741908136425884
oddělený,1.0742551210428306
poslat,1.0745924067951202
poslechnout,1.0747882501351596
povinnost,1.0747882501351596
silně,1.0752507235646496
čtvrtka,1.0755264288783841
postava,1.0760133127302984
osm,1.0761994742030891
aut,1.0766161213088588
mírný,1.0766161213088588
dodnes,1.0773818511248678
pozice,1.0779493920473218
dozvědět,1.0781373026883132
počítat,1.0781373026883132
opět,1.0782122905027933
obrátit,1.0786043320591983
ocitnout,1.07873440192137
okolo,1.07873440192137
čtvrt,1.0792516564895414
věk,1.079656628968524
rukavice,1.079764121663563
maximálně,1.079764121663563
jenomže,1.0801031370863772
levý,1.0809416179794449
však,1.0810055865921788
šance,1.0810055865921788
kmen,1.0817673946165565
slabý,1.0817673946165565
stříbrný,1.0817673946165567
pokoušet,1.0817673946165567
platit,1.0817673946165567
vzadu,1.0817673946165567
důležitý,1.0822568821254328
vždy,1.0827927665545818
prach,1.082849162011173
zvláštní,1.082849162011173
projevit,1.083154275891706
program,1.0833819728174767
vydávat,1.0836991221069432
minulý,1.0836991221069432
prodat,1.0836991221069432
pohlédnout,1.0839095082692627
zachovat,1.084171322160149
dnít,1.0843277908168325
zkoušet,1.0843277908168325
vystoupit,1.0843845737970805
vyhledat,1.0852290502793296
chladný,1.0853336607526551
oproti,1.0855630696853868
zpozorovat,1.0855630696853868
ubránit,1.0858240223463689
objevit,1.0862747587607924
ulice,1.0867069717609243
pán,1.087030046806583
jméno,1.0870542277481414
prohlédnout,1.0871094558245398
chystat,1.087362743209401
změna,1.08749861260128
natolik,1.0875833483510544
pot,1.0886722928800665
třicet,1.0886722928800665
holý,1.0891014108512451
mrak,1.089587399878845
daleký,1.0907821229050279
hrob,1.0907821229050279
kdysi,1.0907821229050279
pověsit,1.0907821229050279
přijmout,1.0914659988441533
šest,1.0919487348011832
hlína,1.0924077296455719
přímo,1.0928058374187666
během,1.09432362330407
zmizet,1.0945240855908083
jistota,1.0947486033519553
skupina,1.0947486033519553
opouštět,1.0955041234370844
někde,1.0955041234370844
potvrdit,1.095691133359146
případ,1.0957402234636873
pomáhat,1.095775893251879
chlad,1.0960011761246693
osmý,1.0966151823858035
jistý,1.096818071411222
zatvářit,1.0972212145396503
naplnit,1.0972212145396503
odpor,1.0972212145396503
váha,1.0984099699183496
pták,1.0984099699183498
dospět,1.0984099699183498
román,1.0984099699183498
zezadu,1.0984099699183498
otázka,1.0987790592899622
hodinky,1.0995686302241707
zařvat,1.0997968511934992
učitel,1.1001370296194792
rozdíl,1.101040261991909
budova,1.1011423330275996
počet,1.1013312730298348
potom,1.1013901520072757
přežít,1.1014358927004941
nenápadný,1.1018001241464928
aniž,1.102050533265617
čistit,1.1022640399882386
přistoupit,1.1022640399882386
odložit,1.102448241866579
tušený,1.102448241866579
výsledek,1.1028750510968797
probudit,1.1030868980141093
vycházet,1.103177374301676
svobodný,1.1034027425088877
okamžik,1.1034027425088877
zpoza,1.1034027425088877
zaplatit,1.103577221120923
tajný,1.1037162982754434
strop,1.104182394685188
třetí,1.1045122475290075
kůň,1.1049481245011972
půjčit,1.1049481245011972
umění,1.1049481245011972
stisknout,1.1049481245011972
dostatečně,1.1049481245011972
opírat,1.1049481245011972
podoba,1.1056173844191264
vést,1.1056564245810054
přejet,1.106439282563952
druh,1.106439282563952
sál,1.1078790213831633
něha,1.1078790213831633
mlčky,1.1078790213831633
dopis,1.1078790213831633
trpělivost,1.1078790213831633
původně,1.1082813013473547
nebezpečný,1.1088115794819706
nízký,1.1090741443835765
postavit,1.1091786951136275
pohodlnět,1.1092699554966385
předat,1.109542503397252
ovšem,1.1106145251396646
některý,1.1109072543239398
předchozí,1.111362917676821
nekonečný,1.111362917676821
modlit,1.1131735447828437
článek,1.1131735447828437
řidič,1.1136656639449936
kamenný,1.113990253179603
tehdy,1.1145630577112666
nůž,1.1146312141998445
vůle,1.1146312141998445
krev,1.1147897677153777
hvězda,1.1155726256983238
upadnout,1.1155726256983238
dostávat,1.115572625698324
oheň,1.115572625698324
krátký,1.1162809257781325
vedoucí,1.1163393422795598
podél,1.1164907924684462
přiblížit,1.1173865649271018
nasadit,1.1175127520038863
kouzlo,1.117826307770442
hořet,1.1189026932377222
třída,1.1193542278193351
vyrazit,1.119486915613055
smrt,1.1206270000542389
doktor,1.120961865435997
zkrátka,1.1212935109583153
okolí,1.1219473264166002
volit,1.1223336719146775
písmeno,1.1225888057341624
topit,1.1225888057341624
proudit,1.1225888057341624
mořit,1.1230933400288745
dvakrát,1.1242920439221729
sportovní,1.125038090401219
čekaný,1.125038090401219
vacha,1.1253735221514876
napít,1.1253735221514876
jíst,1.125622829533444
bohužel,1.126054516141127
zakázat,1.126197126895451
jenž,1.1264804469273744
příprava,1.1264804469273744
povést,1.127315495442517
hrozit,1.127315495442517
informace,1.1277828733427833
vážný,1.127967877094972
učit,1.127967877094972
velikost,1.1281288543858377
hluk,1.1283952995569255
scéna,1.1289213579716373
bytost,1.1289213579716373
cosi,1.129946950847378
křídlo,1.1304469273743016
fyzický,1.1304469273743016
proměnit,1.1304469273743016
kapsa,1.1311814607903994
přesunout,1.131422291418628
proces,1.131422291418628
trefit,1.131422291418628
temný,1.131422291418628
osobní,1.1332801276935354
příchod,1.1332801276935356
zamířit,1.1337263009721552
pokus,1.1338146937915041
namítnout,1.134165502793296
karta,1.134165502793296
drobný,1.1342742330687052
předpokládat,1.134597895283877
jízda,1.134597895283877
jakkoliv,1.135023635582295
zaznít,1.135023635582295
vrstva,1.1358557643473846
dvacet,1.1358557643473846
kopec,1.1363430469575722
chlapec,1.1372917387650172
hlavní,1.1374465987512323
moderní,1.1374465987512323
prostředí,1.1374465987512323
potřebný,1.1374465987512323
lehký,1.1385796390820306
střední,1.1387637412146332
kovový,1.138946528332003
prostor,1.13903743315508
zato,1.1393082134791395
vzpomínat,1.1395227724647286
polovina,1.1399464813858504
prodávat,1.14036312849162
rozumět,1.14036312849162
opilý,1.1413749857484894
opravit,1.1417031556696362
stav,1.1426615857042435
horní,1.1429726551014407
pochyba,1.143279658232008
kámen,1.1438222684162662
psaný,1.144177051998281
zkušenost,1.144612928970471
hora,1.144612928970471
různý,1.1449192208968746
mírnit,1.1458721291123526
jindy,1.1458721291123528
kopnout,1.1466734382935502
plocha,1.1466734382935502
doopravdy,1.146934105135626
pátý,1.147446129289705
upozornit,1.147446129289705
používat,1.1477475335789848
bojovat,1.1481917083210822
podobný,1.1483740333243884
poměrně,1.1484344549824608
pouhý,1.1489115777306877
vysoko,1.1489115777306877
známka,1.1496070447874254
dar,1.1496070447874254
hotový,1.1498336576486097
vynořit,1.150929572305156
manželka,1.1512467638642867
bratr,1.151558839430528
navštívit,1.151558839430528
končit,1.151804899011603
dít,1.152168129821761
důl,1.1524233730937643
sklenice,1.1527583798882681
pila,1.1527583798882681
šestý,1.1527583798882681
hala,1.1533304684142673
ovládat,1.1544234136579672
klika,1.1544234136579672
proti,1.1544989896588613
obloha,1.1545992588085623
tlustý,1.1552855670662254
obálka,1.1554529997571046
pan,1.1561068601233815
kapka,1.1562664699061873
plíce,1.1564245810055866
nemoc,1.1568901303538175
společenský,1.1577834818058281
splnit,1.1586298147603646
poté,1.1588344835140758
zážitek,1.159036494232025
zpráva,1.1617797758751776
tvořit,1.1622710146810447
nacházet,1.1622710146810447
pohnout,1.1635009310986963
díra,1.1643539376464227
zda,1.1644453312051077
tedy,1.1646261737786758
vydat,1.1656595599133508
vyhodit,1.1659048586422889
skrývat,1.1659048586422889
prázdný,1.166145251396648
dotaz,1.1666118961551102
zpocený,1.1670605930382465
cena,1.1670605930382467
ušetřit,1.167492357963529
plášť,1.167492357963529
pokusit,1.1683087861858812
skála,1.1683087861858812
hovořit,1.1683087861858812
zpomalit,1.1683087861858812
návrh,1.1686951316839584
úzkost,1.1686951316839584
vybraný,1.1686951316839584
nejen,1.1689451199474203
nastavit,1.1690679211996473
přístup,1.16942785590445
výkřik,1.1701117318435754
pomoc,1.1708541212320378
sociální,1.1716373012462398
sedm,1.1721837738680898
západ,1.1724449556358856
stín,1.1726985669176584
dávný,1.1731843575418994
trest,1.173417132216015
opravdový,1.1748815501025387
hromada,1.176266615295704
připravit,1.176266615295704
životný,1.1764220416455053
slušný,1.1767225325884543
zvyk,1.177285153928444
včetně,1.177285153928444
běžný,1.1774184063510733
sklo,1.1785023635582295
zvyklý,1.1789261328367473
střecha,1.1793196328810853
spojený,1.1796859949913312
bývalý,1.1800279329608938
úspěšně,1.1899441340782122
dosáhnout,1.1899441340782122
výška,1.1899441340782122
zpod,1.1899441340782122
konstatovat,1.1899441340782122
děd,1.1899441340782122
sedadlo,1.1899441340782122
ideální,1.1899441340782122
role,1.1899441340782122
zboží,1.1899441340782122
nova,1.1899441340782122
peníze,1.1899441340782122
náhle,1.1899441340782122
obyvatel,1.1899441340782122
dav,1.1899441340782122
následek,1.1899441340782122
zajímavý,1.1899441340782122
ztráta,1.1899441340782122
městský,1.1899441340782122
účet,1.1899441340782122
náhlý,1.1899441340782122
vykročit,1.1899441340782122
list,1.1899441340782122
žádat,1.1899441340782124
objevovat,1.1899441340782124
zvonit,1.1899441340782124
prožít,1.1899441340782124
zbýt,1.1899441340782124
nahoru,1.1899441340782124
moře,1.1899441340782124
projet,1.1899441340782124
místní,1.1899441340782124
název,1.1899441340782124
značně,1.1899441340782124
mnoho,1.1961742080786217
pouze,1.1962069979417818
stěna,1.1969028717044006
považovat,1.198207635009311
televize,1.1999436646166848
mířit,1.2010651072938965
vyšší,1.2016102530397634
nastat,1.201963771796174
ranný,1.203780693776796
týkat,1.2039434768320736
předmět,1.2041101356743815
lampa,1.2042808103924076
způsobit,1.20481843575419
Praha,1.2065867093800053
připravovat,1.2067039106145252
hra,1.2069433359936153
šílený,1.207189701238766
podmínka,1.207973590655155
pustý,1.207973590655155
veš,1.207973590655155
čistý,1.2081112200946735
vzdálenost,1.2091367814020546
zdejší,1.2094514149647404
vyslovit,1.2094514149647404
podpora,1.209776536312849
význam,1.2101126787236056
podstata,1.2102850594470707
mozek,1.211193136472466
kancelář,1.211193136472466
usoudit,1.211193136472466
půlnoc,1.2115794819705434
rod,1.2115794819705434
snadno,1.2132763720013147
kterej,1.2132763720013147
použít,1.2132763720013147
nenávist,1.2137430167597765
dohodnout,1.2137430167597765
praxe,1.2137430167597765
smlouva,1.2137430167597765
definitivně,1.2142287082430738
silnice,1.2142287082430738
host,1.2142287082430738
řádka,1.2142287082430738
lid,1.2165846743933961
zadní,1.21761725347538
úkol,1.2187331050639756
metr,1.2187912646013204
všímat,1.2200693020295594
řada,1.222634906992449
opuštěný,1.2249424909628654
využít,1.2252890093478623
schůzka,1.2254648544984574
číst,1.225731927584324
ihned,1.2260030472320975
huba,1.2260030472320975
součást,1.2263709953255046
jmenovat,1.2264454878842923
cigareta,1.2275213172596295
zničit,1.2283294287258966
okolnost,1.2283294287258966
břeh,1.2289586958512684
hajzl,1.229608938547486
spatřit,1.2299422562321018
koneckonec,1.230281223368999
peníz,1.230510411376333
postupně,1.230695645519247
nějakej,1.2324421388667197
jakýsi,1.2330580519795968
naslouchat,1.2332148298628745
nicméně,1.2334786755688785
mimo,1.2343450346035187
led,1.2348476863075788
plyn,1.2348476863075788
pivo,1.2353618491193654
osud,1.2353618491193654
zázrak,1.2357112161581436
snést,1.2357112161581436
vyhrát,1.2363055938474932
hrubý,1.236608609924417
vyřídit,1.236608609924417
trh,1.236608609924417
osoba,1.2375418994413407
zkušený,1.2385132824079352
zdaleka,1.2385132824079352
vystupovat,1.2385132824079352
způsob,1.238941833716727
šéf,1.240223463687151
kolo,1.240796447500358
Čechy,1.2409417398244214
odhalit,1.2416808355598736
výhoda,1.24322521470858
spojit,1.2457227653631284
obsah,1.2459415050936575
generace,1.246608140462889
novina,1.246608140462889
krajina,1.2479901893991006
kolega,1.2488522595276288
míra,1.2504497680143927
ostrov,1.2525727727139078
vytvářet,1.2534078212290503
odhodlat,1.2536911412609735
dvanáct,1.2553256799066854
jednat,1.256581005586592
naprostý,1.2567949281275501
Marie,1.257299462422262
poloha,1.257299462422262
zasmál,1.2579409417398244
mohutný,1.2583317279907533
účel,1.258594757198109
proud,1.2592612681021857
pousmál,1.2599408478475191
vystřídat,1.2620619603859828
návrat,1.2625017032293226
připomenout,1.2625017032293226
značka,1.2631714654061021
zasáhnout,1.2631714654061021
deník,1.2643156424581004
prostý,1.2654961425911146
konat,1.2654961425911146
nutný,1.2656678517013713
chůze,1.2679732576243246
zaznamenat,1.2679732576243246
pochybovat,1.2682299323728317
prozradit,1.2703457647591725
odehrávat,1.270618312659786
dvůr,1.2720092467732615
nebezpečí,1.2734489855924729
zabít,1.2734489855924729
stojící,1.2734489855924729
láhev,1.2761719698809812
vzdálený,1.2767108938547487
přesný,1.2800914169629256
obrazovka,1.2832730857706212
obyčejný,1.2843841447193403
postup,1.2843841447193403
služba,1.2847184456419636
teorie,1.2851396648044693
existence,1.2859073706974231
pozorně,1.2870824307376583
kruh,1.2877477615366955
vysvětlený,1.2891061452513968
původ,1.2891061452513968
růst,1.2907868573051795
zavrtěl,1.2907868573051795
firma,1.2915247308897668
marnit,1.2915247308897668
pitý,1.2919393455706303
ostatně,1.2919393455706305
panovat,1.2925255249470238
řeka,1.2929200687580575
volba,1.2943251984710382
zabíjet,1.296506295338948
tentýž,1.296506295338948
výjimka,1.296506295338948
nejprve,1.2967339922647185
probíhat,1.298120873539868
úspěšný,1.298120873539868
prdel,1.298120873539868
zvést,1.298120873539868
nyní,1.2991133206908925
strašný,1.2997851310700472
tudíž,1.3022030146516284
blížit,1.3028585409615463
záhy,1.3043618392780405
stanout,1.305100018021265
povrch,1.305100018021265
schopnost,1.3063517124119504
socha,1.3089385474860336
století,1.3102755633670202
náznak,1.310955401950573
řešení,1.3124383831744988
pole,1.313041803120786
příbuzný,1.313041803120786
šle,1.3135746934629615
obraz,1.3136983240223463
vrata,1.3138966480446927
obávat,1.317438148443735
vydělat,1.319756221432199
Jan,1.3221601489757915
světový,1.3221601489757915
zhruba,1.324022346368715
významný,1.3242926653451073
jakýkoli,1.3259377494014364
svatý,1.3259377494014364
jedenáct,1.327245380318006
vypustit,1.327245380318006
byť,1.3311239465959663
vous,1.3327374301675978
skutečný,1.3348068982268642
částečně,1.3356515790673813
úroveň,1.3363987967339923
dno,1.336649575265937
například,1.3368508172977447
uvědomovat,1.3371537176755168
doprava,1.3386871508379887
materiál,1.3386871508379887
padesát,1.3438162203814294
okena,1.3441961514587213
vědomý,1.346199424411715
připojit,1.347106566880995
složitý,1.3486033519553073
stovka,1.3494211829752922
plamen,1.3501289213579717
podobně,1.3501289213579717
pád,1.350386039796623
kráčet,1.3507473954401328
zbytečný,1.3527785945310205
vlak,1.3556325578106216
okolní,1.3556325578106216
podezření,1.356536312849162
brána,1.3575418994413408
mapa,1.3599361532322427
událost,1.3599361532322427
hranice,1.3599361532322427
rychlost,1.3599361532322427
vzácný,1.3626779599927916
pohybovat,1.363477653631285
žíla,1.363477653631285
policie,1.3649359185014787
takto,1.3655096620569647
majetek,1.3662321539416513
jednotlivý,1.366827721576325
lidský,1.3671698561749674
král,1.367547736179438
sto,1.3684357541899441
hladina,1.3684357541899443
dohromady,1.3710225892640273
porozumět,1.3710225892640273
mrtvý,1.3723443298128288
přistát,1.3730124623979372
podnik,1.375872905027933
onen,1.3763209261627514
uvést,1.37660203746303
stopa,1.3778300499852985
přenést,1.3803351955307261
dovést,1.3818706073166338
poněkud,1.3836559698583863
výrazně,1.3842207273971041
ryba,1.3842207273971041
slušně,1.3842207273971041
převzít,1.3846622651091924
nečekal,1.3850169429434929
rozbít,1.388268156424581
získat,1.3913192952299096
ulička,1.3913192952299096
konkrétní,1.3924878164745038
přímý,1.3924878164745038
panák,1.3924878164745038
historie,1.3934872096442223
společnost,1.3941882764946218
kouřit,1.3958960034379029
přirozený,1.396890940004858
zapomnět,1.3981843575418993
veřejný,1.3999342753861321
oblek,1.3999342753861321
tlak,1.3999342753861321
boj,1.4028815054395767
přikývnout,1.4062976130015234
dokončit,1.4078212290502794
již,1.409626128061882
ztrácet,1.4116003943476834
zjevně,1.413058659217877
boží,1.413058659217877
reálný,1.413058659217877
mrtvola,1.413058659217877
hrad,1.413058659217877
ohled,1.4141365071654117
zdroj,1.4144618952250447
hodnota,1.4178057767740402
vystřelit,1.4178057767740402
půda,1.4181525981480063
klobouk,1.4187795444778686
Petr,1.420255901964318
paměť,1.4227592907456885
poblíž,1.4227592907456885
přesvědčený,1.424031504716549
východ,1.4243270695784662
záležitost,1.4243270695784662
pražský,1.4245810055865922
vesmír,1.4279329608938547
odrážet,1.4319666698229334
pocházet,1.4319666698229334
složit,1.4323401613904407
šedivý,1.4361394721633596
současný,1.4385891770199284
přední,1.4404586886209938
sklep,1.4404586886209938
obvyklý,1.4413407821229052
bezpečný,1.4416630855178343
dále,1.443538785603077
německý,1.4449321628092577
hospoda,1.4502444134078212
oběť,1.452431810713112
veliký,1.4543761638733705
zapálit,1.4561158482799177
uvažovat,1.456655750337122
dosud,1.4573473102755634
původní,1.45768156424581
ředitel,1.4586411966120023
reagovat,1.4586411966120023
desítka,1.460921511145528
odhodit,1.4626396648044693
síť,1.4626396648044693
zanechat,1.4645466265577998
obzor,1.4645466265577998
postavený,1.4675977653631285
vrchol,1.4723037591137202
přiložit,1.47449599222735
určený,1.47449599222735
nádraží,1.4755307262569832
pochopitelně,1.4755307262569832
sloužit,1.4766776603621188
forma,1.4778338439358443
úspěch,1.4789305666400636
levný,1.4874301675977653
velice,1.4874301675977655
milión,1.4921521681298218
ohromný,1.4993296089385475
území,1.5003643429681806
lze,1.5039571694599627
rozdělit,1.5072625698324023
náměstí,1.5096306178604186
víra,1.510313708637731
mávl,1.5122206703910612
kraj,1.5144743524631794
jednání,1.5190776179721859
český,1.5199286418478006
činnost,1.527094972067039
vůz,1.5322568301829034
stanice,1.5361097003555104
kožený,1.5370111731843574
vyzvat,1.5415185373285931
odměna,1.5415185373285931
odtud,1.549172551913144
cíl,1.5502024499000566
zažít,1.5514461494943779
ucítit,1.552101044449842
silo,1.554604433231213
avšak,1.5577450482478417
soud,1.5592371412059334
most,1.5592371412059334
vláda,1.568562722194007
základ,1.5700651769087526
kouř,1.5716243280278275
stupeň,1.5716243280278275
uzavřít,1.5724261771747805
Karla,1.5773678056385605
zadívat,1.5779693951906726
text,1.5865921787709496
šířit,1.5865921787709498
věž,1.5940761041425109
uniforma,1.5940761041425109
nástroj,1.5956069070594208
zbraň,1.5962665213244311
voják,1.5989874301675977
válka,1.5993872769868445
sít,1.6002696975534578
neboť,1.6038377459315034
policejní,1.6050409250357283
válec,1.6086281812538796
nedaleko,1.6099244166940518
vzniknout,1.6149241819632882
stroj,1.6161927791211539
vládnout,1.6247314138375593
student,1.62834460452808
určit,1.642122905027933
republika,1.6476149548775247
pólo,1.6492208174066452
zabývat,1.6543125766453195
zejména,1.6603871638300636
počátek,1.660963687150838
zahlédnout,1.6799211304633586
prudký,1.6799211304633588
hrdina,1.6814427981539957
příčina,1.6833356043057637
řád,1.6897206703910614
tisíc,1.694157750213048
slavný,1.696772191185599
mnohý,1.7149194873480118
člen,1.7233673665960316
systém,1.7254189944134077
zde,1.729712607268329
americký,1.7353351955307261
popsat,1.7452513966480447
vedení,1.7452513966480447
zákon,1.753601881799471
oblast,1.7611173184357543
nikoliv,1.7620326600773528
útok,1.7849162011173185
obsahovat,1.8119603859827322
národní,1.813248204309657
stavba,1.8306832831972495
kostel,1.8321362064378826
dílo,1.8444134078212293
údolí,1.8475448397530139
autor,1.8741620111731845
výkon,1.8917060593038246
nepřítel,1.8941967848591952
moce,1.9336592178770946
úder,1.9634078212290504
dějiny,1.9832402234636872
vojenský,2.103157074184747
armáda,2.105285775676837
Evropa,2.1567737430167595
loď,2.219085006794504
státní,2.277893056664006
vražda,2.3188654920498495
motor,2.4738312261099678
