rok,preklad,072_x,245_a,245_c,245_p,246_a,500_a,520_a,520_b,521_a,648_a,650_a,650_x,650_z,650_y,651_a,653_a,655_a,964_a,keywords,téma
1949,původní česká, ,Napucánek /,Josef Spilka ; Il. ... Zdeněk Müller, , ,10750 výt. Barevné ilustrace,"""Tak vám byl jednou jeden chlapeček, kterému náramně chutnalo. Snědl kde co bylo a tlustý byl jako kulička. Nikdo mu neřekl jinak než Napucánek."" A tento junák bez bázně a hany je hrdinou knížky, která přinášířadupovídek,pohádek,bajek a lid. vyprávění horalů ze Zakarpatské Ukrajiny, jak je autor sebral přímo na místě.", , , , , , , , , , ,Zakarpatská Ukrajina - vyprávění lidová - knihy pro mládež,"  Napucánek / Josef Spilka ; Il. ... Zdeněk Müller     10750 výt. Barevné ilustrace ""Tak vám byl jednou jeden chlapeček, kterému náramně chutnalo. Snědl kde co bylo a tlustý byl jako kulička. Nikdo mu neřekl jinak než Napucánek."" A tento junák bez bázně a hany je hrdinou knížky, která přinášířadupovídek,pohádek,bajek a lid. vyprávění horalů ze Zakarpatské Ukrajiny, jak je autor sebral přímo na místě.                     Zakarpatská Ukrajina - vyprávění lidová - knihy pro mládež","skaut, junák"
1949,původní česká, ,Táborový deník šestnáctiletého skauta Jiřího Wolkra /,Se slovesným přehlédnutím textu Kamila Bednáře, , ,7000 výt., , , , , , , , , , , ,"Wolker, Jiří (1900-1924 čes. básník) - skauting Skauti - tábor. deníky","  Táborový deník šestnáctiletého skauta Jiřího Wolkra / Se slovesným přehlédnutím textu Kamila Bednáře     7000 výt.                       Wolker, Jiří (1900-1924 čes. básník) - skauting Skauti - tábor. deníky","skaut, junák"
1949,původní česká, ,Vodáci z Olivové zátoky :,Adolf Veselý, , ,5500 výtisků, , , , , , , , , , , ,Moře Jaderské - knihy pro mládež Vodáci - knihy pro mládež Skauti vodní - knihy pro mládež,  Vodáci z Olivové zátoky : Adolf Veselý     5500 výtisků                       Moře Jaderské - knihy pro mládež Vodáci - knihy pro mládež Skauti vodní - knihy pro mládež,"skaut, junák"
1949,původní česká, ,Zápisník časopisu Vpřed [na rok] 1950 /,Sest. red. kruh čas. Vpřed, , ,Notace Barevné ilustrace, , , , , , , , , , , ,Junáci - kalendáře Kalendáře,  Zápisník časopisu Vpřed [na rok] 1950 / Sest. red. kruh čas. Vpřed     Notace Barevné ilustrace                       Junáci - kalendáře Kalendáře,"skaut, junák"
1950,původní česká, ,Pojďte s pionýry :,zpracoval redakční kruh za vedení Karla Hanuše, , ,15000 výt., , , , , , , , , , , ,Junáci - pionýři Pionýři POJ (Pionýrské oddíly Junáka),  Pojďte s pionýry : zpracoval redakční kruh za vedení Karla Hanuše     15000 výt.                       Junáci - pionýři Pionýři POJ (Pionýrské oddíly Junáka),"skaut, junák"
1950,překladová, ,Stará pevnost /,Vladimír Beljajev ; z rus. orig. ... přel. [a] dosl. [naps.] Zora Beráková, , ,7700 výt.,"""Stará pevnost"", první díl trilogie ""Podolané"", je obraz z revolučních bojů Západní Ukrajiny s petljurovci a německými interventy, napsaný podle autorových vzpomínek na dětství prožité v městě Kamenci-Podolsku, a vylíčený tak, aby vystihl mladou mentalitu hlavních hrdinů. Jsou jimi tři chlapci, synové řemeslníků a dělníků ze Zářečí. Po obsazení města petljurovci vypukají brzy šarvátky mezi dětmi ze Zářečí a synky městské inteligence, přisluhující kontrarevoluci a posílající své děti do skautských oddílů. Stará pevnost, která střeží město od dob bojů Záporožců s Turky a jejíž romantika neustále chlapce přitahuje, stane se vězením a místem poprav zatčených bolševiků. Chlapci nemohou sami ilegálně pracovat, rozhodnou se tedy přeběhnout alespoň do vesnice, obsazené rudými, kde se skrývá otec jednoho z nich, a když je město konečně osvobozeno, pomohou usvědčit kolaborujícího městského lékaře. Z gymnasia, které bylo hnízdem ukrajinského nacionálního šovinismu, se stává pracovní škola Tarase Ševčenka, na níž na žádost žákovského výboru posílá komsomol prvního učitele politické výchovy.", , , , , , , , , , ,Ukrajina - boje s petljurovci r. 1919 - romány,"  Stará pevnost / Vladimír Beljajev ; z rus. orig. ... přel. [a] dosl. [naps.] Zora Beráková     7700 výt. ""Stará pevnost"", první díl trilogie ""Podolané"", je obraz z revolučních bojů Západní Ukrajiny s petljurovci a německými interventy, napsaný podle autorových vzpomínek na dětství prožité v městě Kamenci-Podolsku, a vylíčený tak, aby vystihl mladou mentalitu hlavních hrdinů. Jsou jimi tři chlapci, synové řemeslníků a dělníků ze Zářečí. Po obsazení města petljurovci vypukají brzy šarvátky mezi dětmi ze Zářečí a synky městské inteligence, přisluhující kontrarevoluci a posílající své děti do skautských oddílů. Stará pevnost, která střeží město od dob bojů Záporožců s Turky a jejíž romantika neustále chlapce přitahuje, stane se vězením a místem poprav zatčených bolševiků. Chlapci nemohou sami ilegálně pracovat, rozhodnou se tedy přeběhnout alespoň do vesnice, obsazené rudými, kde se skrývá otec jednoho z nich, a když je město konečně osvobozeno, pomohou usvědčit kolaborujícího městského lékaře. Z gymnasia, které bylo hnízdem ukrajinského nacionálního šovinismu, se stává pracovní škola Tarase Ševčenka, na níž na žádost žákovského výboru posílá komsomol prvního učitele politické výchovy.                     Ukrajina - boje s petljurovci r. 1919 - romány","skaut, junák"
1951,překladová, ,Létající koráb a jiné pohádky ruského lidu /,Alexander Nikolajevič Afanasjev ; Vybr. a z pův. rus. vyd. ... Russkije dětskie skazki ... přel. Josef Urban ; [Dosl.] Nejkrásnější pohádka [naps.] Karel, , ,14750 výt. Barevně ilustrované předsádky,"Celkem 16 tu známějších, tu méně známých pohádek ruských, o nichž vypráví v dosl. K. Černý: ""Začnete číst staré pohádky a poznáváte, jak žili a mysleli staří lidé v časech dávno uplynulých i ještě v časech nedávných. Poznáte, čehose báli, v co věřili, o čem snili. Báli se mnoha věcí, protože nevěděli, proč a jak se co děje a co za čím vězí. Byli by rádi přemohli smrt nějakou kouzelnou torbou (jako v pohádce Voják a smrt), snili o dobrém čaroději, který byčlověku dal rychlost jelena nebo zajíce (Rychlý posel), snili o bystrých a statečných junácích, kteří by přemohli kruté pány a síly zla. Věřili, že se jednou najde bystrý junák-člověk, který to vyhraje i nad mistry-čaroději (Učedníknad mistra), že to chudí vyhrají nad bohatými pány, sebemocnějšími a sebekrutějšími (Vasil Chudák a Marko Bohatý). Věřili, že zlo nepřemůže pravdu ...""", , , , , , , , , , ,Pohádky ruské,"  Létající koráb a jiné pohádky ruského lidu / Alexander Nikolajevič Afanasjev ; Vybr. a z pův. rus. vyd. ... Russkije dětskie skazki ... přel. Josef Urban ; [Dosl.] Nejkrásnější pohádka [naps.] Karel     14750 výt. Barevně ilustrované předsádky Celkem 16 tu známějších, tu méně známých pohádek ruských, o nichž vypráví v dosl. K. Černý: ""Začnete číst staré pohádky a poznáváte, jak žili a mysleli staří lidé v časech dávno uplynulých i ještě v časech nedávných. Poznáte, čehose báli, v co věřili, o čem snili. Báli se mnoha věcí, protože nevěděli, proč a jak se co děje a co za čím vězí. Byli by rádi přemohli smrt nějakou kouzelnou torbou (jako v pohádce Voják a smrt), snili o dobrém čaroději, který byčlověku dal rychlost jelena nebo zajíce (Rychlý posel), snili o bystrých a statečných junácích, kteří by přemohli kruté pány a síly zla. Věřili, že se jednou najde bystrý junák-člověk, který to vyhraje i nad mistry-čaroději (Učedníknad mistra), že to chudí vyhrají nad bohatými pány, sebemocnějšími a sebekrutějšími (Vasil Chudák a Marko Bohatý). Věřili, že zlo nepřemůže pravdu ...""                     Pohádky ruské","skaut, junák"
1951,překladová, ,O junákovi s planoucím srdcem /,Z.G. Ljubina ; Z rus. pův. vyd. Gorjaščeje sěrdce přel. Naďa Dvořáková ; Il. Václav Šprungl, , ,12000 výt.,"Symbolická pohádka o statečném a poctivém chlapci Alinovi, který osvobodil z věčného zajetí princeznu Krásnou Pravdu a přivedl ji svému lidu, jejž zbavil zlého vladařova syna Karalina.", , , , , , , , , , ,Pohádky symbolické,"  O junákovi s planoucím srdcem / Z.G. Ljubina ; Z rus. pův. vyd. Gorjaščeje sěrdce přel. Naďa Dvořáková ; Il. Václav Šprungl     12000 výt. Symbolická pohádka o statečném a poctivém chlapci Alinovi, který osvobodil z věčného zajetí princeznu Krásnou Pravdu a přivedl ji svému lidu, jejž zbavil zlého vladařova syna Karalina.                     Pohádky symbolické","skaut, junák"
1952,původní česká, ,Korespondence s rodiči /,Jiří Wolker ; Uspoř. Zdena Wolkerová s Janem Kühndlem ; Předml.: Zdena Wolkerová ; Dosl.: Jan Kühndel, , ,5000 výt. Pozn.,"Soubor 282 dopisů, jež přispějí k poznání života a charakteru básníkova. Většinu z nich vyměnili rodiče se synem středoškolákem-skautem, s vysokoškolákem-právníkem v Praze a s pacientem v sanatoriu v Tatranské Poljance. Několik listů je od literárních přátel (Hora, Olbracht, Majerová) a od Wolkerovy spolupacientky z Tater jeho rodičům v posledních měsících básníkova života. Od dětství až po předčasný odchod můžeme sledovat, jak básníka formovala doba a životní prostředí. Zvláště střední oddíl listů ze studií (1919-22) přináší četné cenné zmínky o literární činnosti, růstu, názorech a stycích básnikových. Kniha doplňuje starší edici Píšovu ""Listy příteli"".", , , , , , , , , , ,"Wolker, Jiří (1900-1924 básník český) - Wolkerovi, Zdena a Ferdinand (rodiče) - dopisy Wolkerovi, Zdena a Ferdinand (rodiče básníka) - Wolker, Jiří - dopisy","  Korespondence s rodiči / Jiří Wolker ; Uspoř. Zdena Wolkerová s Janem Kühndlem ; Předml.: Zdena Wolkerová ; Dosl.: Jan Kühndel     5000 výt. Pozn. Soubor 282 dopisů, jež přispějí k poznání života a charakteru básníkova. Většinu z nich vyměnili rodiče se synem středoškolákem-skautem, s vysokoškolákem-právníkem v Praze a s pacientem v sanatoriu v Tatranské Poljance. Několik listů je od literárních přátel (Hora, Olbracht, Majerová) a od Wolkerovy spolupacientky z Tater jeho rodičům v posledních měsících básníkova života. Od dětství až po předčasný odchod můžeme sledovat, jak básníka formovala doba a životní prostředí. Zvláště střední oddíl listů ze studií (1919-22) přináší četné cenné zmínky o literární činnosti, růstu, názorech a stycích básnikových. Kniha doplňuje starší edici Píšovu ""Listy příteli"".                     Wolker, Jiří (1900-1924 básník český) - Wolkerovi, Zdena a Ferdinand (rodiče) - dopisy Wolkerovi, Zdena a Ferdinand (rodiče básníka) - Wolker, Jiří - dopisy","skaut, junák"
1952,překladová, ,Stateční junáci :,"Z rus. pův. vyd. Dobryj molodec, které uspoř. a upr. I. [spr. N.] Kolpakovová ... přel. Julie Brožová-Malá ; Il. Zdeněk Mlčoch", , ,30000 výt. Barev. il. a předsádky,"K nejkrásnějším pohádkám patří takové, ve kterých bojují stateční, odvážní lidé proti všem překážkám a protivenstvím, odvážně je překonávají a vybojují tak šťastný život všem lidem. Pohádky tohoto druhu jsou také shromážděny v tomto souboru, který přináší pohádku ruskou, baškirskou, čuvašskou, gruzínskou, ukrajinskou, jakutskou, běloruskou, komiskou, mansijskou, dolganskou, altajskou, lotyšskou, karelskou, nanajskou a kirgizskou. Vystupují v nich hrdinové - stateční junáci různých jmen, různé je prostředí, v němž děj probíhá, ale všem těmto příběhům je společné jedno: boj se zlem za spravedlivý život.", , , , , , , , , , ,Hrdinové - pohádky národů SSSR - výbory Pohádky národů SSSR - výbory,"  Stateční junáci : Z rus. pův. vyd. Dobryj molodec, které uspoř. a upr. I. [spr. N.] Kolpakovová ... přel. Julie Brožová-Malá ; Il. Zdeněk Mlčoch     30000 výt. Barev. il. a předsádky K nejkrásnějším pohádkám patří takové, ve kterých bojují stateční, odvážní lidé proti všem překážkám a protivenstvím, odvážně je překonávají a vybojují tak šťastný život všem lidem. Pohádky tohoto druhu jsou také shromážděny v tomto souboru, který přináší pohádku ruskou, baškirskou, čuvašskou, gruzínskou, ukrajinskou, jakutskou, běloruskou, komiskou, mansijskou, dolganskou, altajskou, lotyšskou, karelskou, nanajskou a kirgizskou. Vystupují v nich hrdinové - stateční junáci různých jmen, různé je prostředí, v němž děj probíhá, ale všem těmto příběhům je společné jedno: boj se zlem za spravedlivý život.                     Hrdinové - pohádky národů SSSR - výbory Pohádky národů SSSR - výbory","skaut, junák"
1953,původní česká,Výchova a vzdělávání,Pionýrská organisace :,Miroslav Novotný ; fot. Miroslav Šindelář, , ,10400 výt.,"Práce objasňuje úlohu pionýrské organisace v socialistické výchově dorůstajícího pokolení, vysvětluje rozdíl mezi bývalou buržoasní dětskou organisací Junák a pionýrskou organisací ČSM a vymezuje místo pionýr. organisace v naší lid. dem. škole: uvádí dále hlavní formy a methody práce pionýr. organisace v úsilí o zlepšení vědomostí dětí (pionýr. schůzky a shromáždění, thematické besedy, exkurse, vycházky, návštěvy kultur. podniků, zájmové kroužky) a zabývá se úlohou vedoucího pionýrů, ředitele školy a učitelů. - Je určena především učitelům a ředitelům střed. a národ. škol.", , , ,pedagogika školství výchova a vzdělávání, , , , , ,příručky,Pionýři - organizace pionýrská - výchova socialist. školská Školství - organizace pionýrská - výchova socialist.,"Výchova a vzdělávání Pionýrská organisace : Miroslav Novotný ; fot. Miroslav Šindelář     10400 výt. Práce objasňuje úlohu pionýrské organisace v socialistické výchově dorůstajícího pokolení, vysvětluje rozdíl mezi bývalou buržoasní dětskou organisací Junák a pionýrskou organisací ČSM a vymezuje místo pionýr. organisace v naší lid. dem. škole: uvádí dále hlavní formy a methody práce pionýr. organisace v úsilí o zlepšení vědomostí dětí (pionýr. schůzky a shromáždění, thematické besedy, exkurse, vycházky, návštěvy kultur. podniků, zájmové kroužky) a zabývá se úlohou vedoucího pionýrů, ředitele školy a učitelů. - Je určena především učitelům a ředitelům střed. a národ. škol.       pedagogika školství výchova a vzdělávání           příručky Pionýři - organizace pionýrská - výchova socialist. školská Školství - organizace pionýrská - výchova socialist.","skaut, junák"
1953,původní česká,Výchova a vzdělávání,Skauting ve službách podněcovatelů války /,Alois Poledňák, , ,8000 výt.,"Brožura pojednává o poslání, které dal skautingu jeho zakladatel, anglický imperialista a zastánce vyhlazovacích koloniálních metod Baden-Powell, o zavedení skautingu u nás a službách, které šířením nacionalismu a kosmopolitismu pod rouškou dobrodružné romantičnosti prokazoval české buržoasii v jejím tažení proti dělnické třídě. Ukázáno je zároveň, jak po druhé světové válce přišla skautská výchova vhod americkým imperialistům jako průprava agentů špionáže a diverse.", , , ,skauting,politické aspekty, , , , ,brožury, ,"Výchova a vzdělávání Skauting ve službách podněcovatelů války / Alois Poledňák     8000 výt. Brožura pojednává o poslání, které dal skautingu jeho zakladatel, anglický imperialista a zastánce vyhlazovacích koloniálních metod Baden-Powell, o zavedení skautingu u nás a službách, které šířením nacionalismu a kosmopolitismu pod rouškou dobrodružné romantičnosti prokazoval české buržoasii v jejím tažení proti dělnické třídě. Ukázáno je zároveň, jak po druhé světové válce přišla skautská výchova vhod americkým imperialistům jako průprava agentů špionáže a diverse.       skauting politické aspekty         brožury  ","skaut, junák"
1953,původní česká,Česká poezie,Alšova vlast :,Ladislav Stehlík, , ,20000 výt. Seznam názvů obrazů Alšovy Vlasti,"K Alšovu cyklu 14 lunet, vytvořených r. 1880 pro foyer Národního divadla, napsal autor básnický doprovod, který volným, nerýmovaným veršem charakterisuje myšlenku každého jednotlivého obrazu cyklu i jeho společnou dějovou linii - pouť dávnověkého českého bohatýra, jeho hrdinské činy na ochranu vlasti před nepřáteli a jeho smrt - symbolické splynutí s rodnou zemí po vykonaném životním úkolu. Jazykem, archaisujícím ve stylu slovanských bylin a lidového epického básnictví, navozuje autor atmosféru českého pohanství, vystihuje poesii krajů, kudy junák putuje, i ducha jejich obyvatel, z něhož předjímá příští hrdinské tradice českého národa, a konec bohatýrovy životní pouti mění v oslavu lásky k vlasti, jíž je prostoupen celý cyklus obrazový i básnický: ""V tobě je všechno, početí i návrat, / zrození, svatby - neboť není smrti - / ty věčná, krásná, sladká, nehynoucí, / jediná, pravá, nekonečná Vlasti, / lásko a matko, štěstí nevýslovné ..."" /", , , , , , , , , ,česká poezie,"Aleš, Mikoláš (1852-1913 malíř čes.): Vlast - básně","Česká poezie Alšova vlast : Ladislav Stehlík     20000 výt. Seznam názvů obrazů Alšovy Vlasti K Alšovu cyklu 14 lunet, vytvořených r. 1880 pro foyer Národního divadla, napsal autor básnický doprovod, který volným, nerýmovaným veršem charakterisuje myšlenku každého jednotlivého obrazu cyklu i jeho společnou dějovou linii - pouť dávnověkého českého bohatýra, jeho hrdinské činy na ochranu vlasti před nepřáteli a jeho smrt - symbolické splynutí s rodnou zemí po vykonaném životním úkolu. Jazykem, archaisujícím ve stylu slovanských bylin a lidového epického básnictví, navozuje autor atmosféru českého pohanství, vystihuje poesii krajů, kudy junák putuje, i ducha jejich obyvatel, z něhož předjímá příští hrdinské tradice českého národa, a konec bohatýrovy životní pouti mění v oslavu lásky k vlasti, jíž je prostoupen celý cyklus obrazový i básnický: ""V tobě je všechno, početí i návrat, / zrození, svatby - neboť není smrti - / ty věčná, krásná, sladká, nehynoucí, / jediná, pravá, nekonečná Vlasti, / lásko a matko, štěstí nevýslovné ..."" /                   česká poezie Aleš, Mikoláš (1852-1913 malíř čes.): Vlast - básně","skaut, junák"
1954,původní česká, ,Černohorští junáci /,Josef Holeček, , ,5400 výt. Životopisná pozn. o autorovi,"Z nepřeberného množství povídek a črt, v nichž Josef Holeček vykreslil ""národní duši praslovanskou, duši krásnou, silnou a zdravou"", jak ji zastihl ještě na sklonku minulého století u jižních Slovanů, přináší výbor několik ukázek vyňatých z ""Junáckých kreseb černohorských"" a z ""Černohorských povídek"". Tematicky se vztahují k událostem, které Holeček sám prožil, když se jako válečný dopisovatel Národních listů účastnil hercegovského povstání a černohorské války proti Turkům v letech 1875-76. Všechny povídky jsou naplněny vřelým obdivem k junáckým bojovníkům za svobodu, k jejich nezištnému vlastenectví, hluboké lidskosti a ohnivé nenávisti k tureckým utlačovatelům.", , , , , , , , , , ,"Miljanov, Marko (1833-1901 vojvoda kučský) - povídky Černá Hora - život ve stol. 19., 2 pol. - povídky Kučové (kmen černohorský) - boj s Turky ve stol. 19., 2. pol. - povídky","  Černohorští junáci / Josef Holeček     5400 výt. Životopisná pozn. o autorovi Z nepřeberného množství povídek a črt, v nichž Josef Holeček vykreslil ""národní duši praslovanskou, duši krásnou, silnou a zdravou"", jak ji zastihl ještě na sklonku minulého století u jižních Slovanů, přináší výbor několik ukázek vyňatých z ""Junáckých kreseb černohorských"" a z ""Černohorských povídek"". Tematicky se vztahují k událostem, které Holeček sám prožil, když se jako válečný dopisovatel Národních listů účastnil hercegovského povstání a černohorské války proti Turkům v letech 1875-76. Všechny povídky jsou naplněny vřelým obdivem k junáckým bojovníkům za svobodu, k jejich nezištnému vlastenectví, hluboké lidskosti a ohnivé nenávisti k tureckým utlačovatelům.                     Miljanov, Marko (1833-1901 vojvoda kučský) - povídky Černá Hora - život ve stol. 19., 2 pol. - povídky Kučové (kmen černohorský) - boj s Turky ve stol. 19., 2. pol. - povídky","skaut, junák"
1955,překladová,Literatura pro děti a mládež (beletrie),Lovec Charibu /,"V., [spr. A.] Brindarov ; Literárně zpracovala Z[oja Mojsejevna] Zadunajská ; Z rus. pův. vyd. Ochotnik Charibu přel. a pozn. opatřil Bohdan Bittmann ; Il. Lumír Ševčík", , ,15000 výt. S barev. il. předsádkami Pro čtenáře od 9 let,"Svou thematikou a svým posláním se neliší pět pohádek východních národů od pohádek našeho lidu: i z těchto příběhů mluví touha po vítězství dobra nad zlem, po spravedlivém uznání prostých a dobrých lidí; i v těchto pohádkách vystupují chrabří junáci, bojující proti drakům, i v těchto zkazkách připisují lidé z neznalosti vysvětlení přírodních zjevů různým nadpřirozeným silám. Navíc jsou tato drobná díla dokladem prastaré a hluboké kultury národů evropskému čtenáři ne vždycky dobře známých, jsou dokladem nesmírné statečnosti, ušlechtilosti a bohaté obrazotvornosti jejich lidu.", , , , , , , , , ,pohádky publikace pro děti,Pohádky národů SSSR Pohádky východní,"Literatura pro děti a mládež (beletrie) Lovec Charibu / V., [spr. A.] Brindarov ; Literárně zpracovala Z[oja Mojsejevna] Zadunajská ; Z rus. pův. vyd. Ochotnik Charibu přel. a pozn. opatřil Bohdan Bittmann ; Il. Lumír Ševčík     15000 výt. S barev. il. předsádkami Pro čtenáře od 9 let Svou thematikou a svým posláním se neliší pět pohádek východních národů od pohádek našeho lidu: i z těchto příběhů mluví touha po vítězství dobra nad zlem, po spravedlivém uznání prostých a dobrých lidí; i v těchto pohádkách vystupují chrabří junáci, bojující proti drakům, i v těchto zkazkách připisují lidé z neznalosti vysvětlení přírodních zjevů různým nadpřirozeným silám. Navíc jsou tato drobná díla dokladem prastaré a hluboké kultury národů evropskému čtenáři ne vždycky dobře známých, jsou dokladem nesmírné statečnosti, ušlechtilosti a bohaté obrazotvornosti jejich lidu.                   pohádky publikace pro děti Pohádky národů SSSR Pohádky východní","skaut, junák"
1957,původní česká,Česká próza Literatura pro děti a mládež (beletrie),Ztracená stopa /,Jaromír Stříž, , ,3300 výt.,"Vyprávění o životě skautů za předmnichovské republiky. Detektivní zápletku tvoří napínavé příhody ""Železné trojky"", jak se pojmenovali tři bystří a podnikaví chlapci, jimž se podařilo odhalit zrádcovskou akci záškodníků, kteří pašovali z Pruska fašistické letáky a zbraně.", ,Pro čtenáře od 11 let, , , , , , , ,české povídky publikace pro děti,Povídky dobrodružné pro mládež,"Česká próza Literatura pro děti a mládež (beletrie) Ztracená stopa / Jaromír Stříž     3300 výt. Vyprávění o životě skautů za předmnichovské republiky. Detektivní zápletku tvoří napínavé příhody ""Železné trojky"", jak se pojmenovali tři bystří a podnikaví chlapci, jimž se podařilo odhalit zrádcovskou akci záškodníků, kteří pašovali z Pruska fašistické letáky a zbraně.   Pro čtenáře od 11 let               české povídky publikace pro děti Povídky dobrodružné pro mládež","skaut, junák"
1958,překladová, ,Jugoslávské zpěvy :,"vybral, uspoř. a předmluvu naps. Oton Berkopec ; ze srbochorv. a slovinštiny přel. František Halas, Vilém Závada a Oton Berkopec ; Ludvík Kuba: Dovětek písničkářův ; il. do dřeva vyřezal Ferdiš Duša", , ,Přehl. lit. Noty 3500 výt. Vysvětl.,"Sborník lidové epiky jižních Slovanů. Obsahuje srbské, chorvatské a makedonské písně junácké, zpívající o utrpení a bojích jihoslovanských národů za svobodu.", , , , , , , , , , ,Písně lidové jugoslávské - výbory Epika lidová jugoslávská - výbory,"  Jugoslávské zpěvy : vybral, uspoř. a předmluvu naps. Oton Berkopec ; ze srbochorv. a slovinštiny přel. František Halas, Vilém Závada a Oton Berkopec ; Ludvík Kuba: Dovětek písničkářův ; il. do dřeva vyřezal Ferdiš Duša     Přehl. lit. Noty 3500 výt. Vysvětl. Sborník lidové epiky jižních Slovanů. Obsahuje srbské, chorvatské a makedonské písně junácké, zpívající o utrpení a bojích jihoslovanských národů za svobodu.                     Písně lidové jugoslávské - výbory Epika lidová jugoslávská - výbory","skaut, junák"
1958,překladová, ,Jugoslávské zpěvy :,"vybral, uspoř. a předmluvu naps. Oton Berkopec ; ze srbochorv. a slovinštiny přel. František Halas, Vilém Závada a Oton Berkopec ; Ludvík Kuba: Dovětek písničkářův ; il. do dřeva vyřezal Ferdiš Duša", , ,Přehl. lit. Noty 3500 výt. Vysvětl.,"Sborník lidové epiky jižních Slovanů. Obsahuje srbské, chorvatské a makedonské písně junácké, zpívající o utrpení a bojích jihoslovanských národů za svobodu.", , , , , , , , , , ,Písně lidové jugoslávské - výbory Epika lidová jugoslávská - výbory,"  Jugoslávské zpěvy : vybral, uspoř. a předmluvu naps. Oton Berkopec ; ze srbochorv. a slovinštiny přel. František Halas, Vilém Závada a Oton Berkopec ; Ludvík Kuba: Dovětek písničkářův ; il. do dřeva vyřezal Ferdiš Duša     Přehl. lit. Noty 3500 výt. Vysvětl. Sborník lidové epiky jižních Slovanů. Obsahuje srbské, chorvatské a makedonské písně junácké, zpívající o utrpení a bojích jihoslovanských národů za svobodu.                     Písně lidové jugoslávské - výbory Epika lidová jugoslávská - výbory","skaut, junák"
1958,překladová, ,Diamantová sekera :,z rus. orig. přel. Jaroslav Tichý ; [barev.] il. Vladimír Brehovszký, , ,Barev. il. předsádky a frontispice 40000 výt.,"Litevské, lotyšské a estonské pohádky se svérázným kouzlem vyprávějí o junácích, kteří vítězně bojují s mocnostmi zla, o špatně končících příbězích lakomců a nadutců, o příhodách zvířat a jiných událostech, v nichžseobrážílidovámoudrost a touha po spravedlnosti.", , , , , , , , , , ,Pohádky baltské Pohádky národů SSSR,"  Diamantová sekera : z rus. orig. přel. Jaroslav Tichý ; [barev.] il. Vladimír Brehovszký     Barev. il. předsádky a frontispice 40000 výt. Litevské, lotyšské a estonské pohádky se svérázným kouzlem vyprávějí o junácích, kteří vítězně bojují s mocnostmi zla, o špatně končících příbězích lakomců a nadutců, o příhodách zvířat a jiných událostech, v nichžseobrážílidovámoudrost a touha po spravedlnosti.                     Pohádky baltské Pohádky národů SSSR","skaut, junák"
1959,původní česká, ,Tři orlí pera /,[Autor:] Jan Mareš ; [Barev.] Il. Josef Paleček, , ,20000 výt. Pro čtenáře od 9 let,"Kniha pro mládež o chlapcích z oddílu Spartakových skautů práce, o jejich táboření, dobrodružstvích a politické výchově, která se projeví cennou účastí celého oddílu v dělnické stávce bojem proti četnické intervenci a stávkokazům.", , , , , , , , , , ,Skauti dělničtí - ČSR předmnichovská - knihy pro mládež,"  Tři orlí pera / [Autor:] Jan Mareš ; [Barev.] Il. Josef Paleček     20000 výt. Pro čtenáře od 9 let Kniha pro mládež o chlapcích z oddílu Spartakových skautů práce, o jejich táboření, dobrodružstvích a politické výchově, která se projeví cennou účastí celého oddílu v dělnické stávce bojem proti četnické intervenci a stávkokazům.                     Skauti dělničtí - ČSR předmnichovská - knihy pro mládež","skaut, junák"
1959,původní česká, ,Zlín 22 - Junák :,konstrukce [a text] Rad. Čížek, , ,Seznam modelářských prodejen Techn. data, , , , , , , , , , , ,Letadla sportovní (modely) - konstrukce,  Zlín 22 - Junák : konstrukce [a text] Rad. Čížek     Seznam modelářských prodejen Techn. data                       Letadla sportovní (modely) - konstrukce,"skaut, junák"
1960,překladová, ,Kolo bulharských pohádek /,"Ran Bosilek ; [z bulh. pův. vyd. Radost a Neznaen junak vybr. a přel. Dana Hronková, rytmizované pohádky za básnické spolupráce Jarmily Urbánkové ; [barev.] il. Jiří Hejna]", , ,Pro čtenáře od 6 let 20000 výt.,"Pestrý výbor obsahuje krom pohádek o zvířatech a pohádek o carech, princeznách a statečných junácích též řadu pohádkových příběhů, v nichž se odráží život a moudrost prostého lidu.", , , , , , , , , , ,Pohádky bulharské,"  Kolo bulharských pohádek / Ran Bosilek ; [z bulh. pův. vyd. Radost a Neznaen junak vybr. a přel. Dana Hronková, rytmizované pohádky za básnické spolupráce Jarmily Urbánkové ; [barev.] il. Jiří Hejna]     Pro čtenáře od 6 let 20000 výt. Pestrý výbor obsahuje krom pohádek o zvířatech a pohádek o carech, princeznách a statečných junácích též řadu pohádkových příběhů, v nichž se odráží život a moudrost prostého lidu.                     Pohádky bulharské","skaut, junák"
1962,překladová,Literatura pro děti a mládež (beletrie) Slovenská literatura,Junácký zápas :,Mária Rázusová-Martáková ; [ze slov. přel. Jarmila Urbánková ; barev. il. Robert Dúbravec], , ,"35000 výt., (15000 výt. SNDK +20000 výt. ML). Spoluvyd. Mladé letá v Bratislavě Barev. frontispice Provd.: Martáková, Mária","Deset pověstí o legendárním slovenském hrdinovi Jánošíkoví, v němž se ztělesnila lidová víra ve spravedlnost, vyúčtování s panskou zvůlí a odstranění sociálních křivd.", ,Pro čtenáře od 9 let, ,zbojníci, ,Slovensko,17.-18. století, , ,slovenské pověsti publikace pro mládež, ,"Literatura pro děti a mládež (beletrie) Slovenská literatura Junácký zápas : Mária Rázusová-Martáková ; [ze slov. přel. Jarmila Urbánková ; barev. il. Robert Dúbravec]     35000 výt., (15000 výt. SNDK +20000 výt. ML). Spoluvyd. Mladé letá v Bratislavě Barev. frontispice Provd.: Martáková, Mária Deset pověstí o legendárním slovenském hrdinovi Jánošíkoví, v němž se ztělesnila lidová víra ve spravedlnost, vyúčtování s panskou zvůlí a odstranění sociálních křivd.   Pro čtenáře od 9 let   zbojníci   Slovensko 17.-18. století     slovenské pověsti publikace pro mládež  ","skaut, junák"
1963,původní česká, ,Tři orlí pera /,Jan Mareš ; Il. Josef Paleček, , ,Il. tit. dvojlist Pro čtenáře od 9 let 20001-40000 výt., , , , , , , , , , , ,Skauti dělničtí - ČSR předmnichovská - knihy pro mládež,  Tři orlí pera / Jan Mareš ; Il. Josef Paleček     Il. tit. dvojlist Pro čtenáře od 9 let 20001-40000 výt.                       Skauti dělničtí - ČSR předmnichovská - knihy pro mládež,"skaut, junák"
1964,původní česká, ,Spartakovi skauti práce :, , , ,Frontispice Obálka a vazba: Vladimír Tomša 1500 výt. Vyd. Měst. nár. výbor Odkazy na lit. S fot. v textu,"Většina vzpomínek vypráví o vzniku a historii Spartakových skautů práce v Chocni. Ostatní příspěvky oživují sjezd SSP v Praze a jejich činnost v České Třebové, Parníku, Litomyšli, Ústí, Vysokém Mýtě a Pardubicích.", , , , , , , , , , ,Spartakovi skauti práce - Čechy východní - činnost - vzpomínky Skauti dělničtí - Čechy východní - vzpomínky,"  Spartakovi skauti práce :       Frontispice Obálka a vazba: Vladimír Tomša 1500 výt. Vyd. Měst. nár. výbor Odkazy na lit. S fot. v textu Většina vzpomínek vypráví o vzniku a historii Spartakových skautů práce v Chocni. Ostatní příspěvky oživují sjezd SSP v Praze a jejich činnost v České Třebové, Parníku, Litomyšli, Ústí, Vysokém Mýtě a Pardubicích.                     Spartakovi skauti práce - Čechy východní - činnost - vzpomínky Skauti dělničtí - Čechy východní - vzpomínky","skaut, junák"
1966,původní česká, ,Dětské hnutí v Československu v letech 1945-1949 :,Břetislav Hofbauer, , ,Pozn. 3000 výt.,"Knížka, psaná pro potřebu pionýrských vedoucích, učitelů a pracovníků v komunistické výchově našich dětí, se zaměřuje na rozbor a hodnocení prvního vývojového období našeho dětského hnutí po druhé světové válce. Ukazuje, jak KSČ orientovala mládež a jaký význam mělo pro nás zejména poučení ze zkušeností Všesvazové pionýrské organizace V.I. Lenina. Informuje o koncepci a vzniku PO ČSM, žákovské samosprávě a o působení skautského hnutí Junáka.", , , , , , , , , , ,Skauting čs. - vývoj - rok 1945-1949 - rozbory PO ČSM - vznik a zásady - rozbory Děti čs. - hnutí pokrokové - rok 1945-1949 - rozbory,"  Dětské hnutí v Československu v letech 1945-1949 : Břetislav Hofbauer     Pozn. 3000 výt. Knížka, psaná pro potřebu pionýrských vedoucích, učitelů a pracovníků v komunistické výchově našich dětí, se zaměřuje na rozbor a hodnocení prvního vývojového období našeho dětského hnutí po druhé světové válce. Ukazuje, jak KSČ orientovala mládež a jaký význam mělo pro nás zejména poučení ze zkušeností Všesvazové pionýrské organizace V.I. Lenina. Informuje o koncepci a vzniku PO ČSM, žákovské samosprávě a o působení skautského hnutí Junáka.                     Skauting čs. - vývoj - rok 1945-1949 - rozbory PO ČSM - vznik a zásady - rozbory Děti čs. - hnutí pokrokové - rok 1945-1949 - rozbory","skaut, junák"
1967,původní česká,Sport. Hry. Tělesná cvičení,Proletářská tělovýchova a boj za sjednocení :, , ,Proletářská tělovýchova,1200 výtisků,"Obsah: V. Mucha: Proletářská tělovýchova, minulost a dnešek; J. Perútka: Federácie proletárskej telovýchovy na Slovensku; F. Krátký: Již v názvu FPT je revoluční změna; O. Nálepková: Vzájemné vztahy sportovních internacionál v prvém desetiletí jejich existence; J. Janoušek: Iniciativa FPT pro sjednocení tělovýchovy a nezdar sjednocování koncem 30. let; J. Marek: Úloha dějin revoluční dělnické tělovýchovy při vytváření dějinného vědomí příslušníků tělovýchovného hnutí; J. Hostáň: Pionýři, skauting a mládež; J. Závodník: Více zhodnotit základy nové soustavy tělesné výchovy pracujících ve FPT; F. Prošek: Mezinárodní protifašistický sportovní sraz v Paříži roku 1934; K.Šmidrkal: Zvýšit úsilí za převýchovu člověka; K. Pospíšil: FPT stále příkladem naší tělovýchovy; S. Tureček: Více kázně do našich řad; J. Havel: Chraňme odkaz jednoty!; K. Vaš: Víc využívat tradic proletářské tělovýchovy pro dnešní výchovu mladé generace; F Morkes: K problematice sjednocovacích snah a tendencí v tělovýchově a v hnutí mládeže po roce 1945.", , , ,tělovýchova tělovýchovné organizace, , , ,Československo, ,sborníky konferencí, ,"Sport. Hry. Tělesná cvičení Proletářská tělovýchova a boj za sjednocení :     Proletářská tělovýchova 1200 výtisků Obsah: V. Mucha: Proletářská tělovýchova, minulost a dnešek; J. Perútka: Federácie proletárskej telovýchovy na Slovensku; F. Krátký: Již v názvu FPT je revoluční změna; O. Nálepková: Vzájemné vztahy sportovních internacionál v prvém desetiletí jejich existence; J. Janoušek: Iniciativa FPT pro sjednocení tělovýchovy a nezdar sjednocování koncem 30. let; J. Marek: Úloha dějin revoluční dělnické tělovýchovy při vytváření dějinného vědomí příslušníků tělovýchovného hnutí; J. Hostáň: Pionýři, skauting a mládež; J. Závodník: Více zhodnotit základy nové soustavy tělesné výchovy pracujících ve FPT; F. Prošek: Mezinárodní protifašistický sportovní sraz v Paříži roku 1934; K.Šmidrkal: Zvýšit úsilí za převýchovu člověka; K. Pospíšil: FPT stále příkladem naší tělovýchovy; S. Tureček: Více kázně do našich řad; J. Havel: Chraňme odkaz jednoty!; K. Vaš: Víc využívat tradic proletářské tělovýchovy pro dnešní výchovu mladé generace; F Morkes: K problematice sjednocovacích snah a tendencí v tělovýchově a v hnutí mládeže po roce 1945.       tělovýchova tělovýchovné organizace       Československo   sborníky konferencí  ","skaut, junák"
